frame,sim_t_s,ego_kmh,true_dist_m,est_dist_m,err_m,est_ttc_s,n_tracks,limit_kmh,limit_source,lane_left,lane_left_true,lane_right,lane_right_true,depth_dist_m,flow_ttc_s,alert,reason,infer_ms
0,0.0,0.0,-1.0,-1.0,,-1,0,50.0,manual,?,solid,?,broken,,,,silent,3878
1,0.05,1.8,-1.0,-1.0,,-1,0,50.0,manual,?,solid,?,broken,,,,silent,17
2,0.1,3.5,-1.0,-1.0,,-1,0,50.0,manual,?,solid,?,broken,,,,silent,18
3,0.15,5.3,-1.0,-1.0,,-1,0,50.0,manual,?,solid,?,broken,,,,silent,17
4,0.2,7.1,-1.0,-1.0,,-1,0,50.0,manual,?,solid,?,broken,,,,silent,17
5,0.25,3.3,-1.0,-1.0,,-1,0,50.0,manual,?,solid,?,broken,,,,silent,13
6,0.3,1.2,-1.0,-1.0,,-1,0,50.0,manual,?,solid,?,broken,,,,silent,13
7,0.35,0.3,-1.0,-1.0,,-1,0,50.0,manual,?,solid,?,broken,,,,silent,17
8,0.4,0.2,-1.0,-1.0,,-1,0,50.0,manual,?,solid,?,broken,,,,silent,15
9,0.45,0.3,-1.0,-1.0,,-1,0,50.0,manual,?,solid,?,broken,,,,silent,15
10,0.5,0.3,-1.0,-1.0,,-1,0,50.0,manual,?,solid,?,broken,,,,silent,17
11,0.55,1.4,-1.0,-1.0,,-1,0,50.0,manual,?,solid,?,broken,,,,silent,14
12,0.6,4.5,-1.0,-1.0,,-1,0,50.0,manual,?,solid,?,broken,,,,silent,18
13,0.65,6.7,-1.0,-1.0,,-1,0,50.0,manual,?,solid,?,broken,,,,silent,16
14,0.7,8.3,-1.0,-1.0,,-1,0,50.0,manual,?,solid,?,broken,,,,silent,19
15,0.75,9.7,-1.0,-1.0,,-1,0,50.0,manual,?,solid,?,broken,,,,silent,15
16,0.8,11.0,-1.0,-1.0,,-1,0,50.0,manual,?,solid,?,broken,,,,silent,17
17,0.85,12.3,-1.0,-1.0,,-1,0,50.0,manual,?,solid,?,broken,,,,silent,18
18,0.9,13.4,-1.0,-1.0,,-1,0,50.0,manual,?,solid,?,broken,,,,silent,16
19,0.95,14.5,-1.0,-1.0,,-1,0,50.0,manual,?,solid,?,broken,,,,silent,17
20,1.0,15.5,-1.0,-1.0,,-1,0,50.0,manual,?,solid,?,broken,,,,silent,13
21,1.05,16.5,-1.0,-1.0,,-1,0,50.0,manual,?,solid,?,broken,,,,silent,18
22,1.1,17.5,-1.0,-1.0,,-1,0,50.0,manual,?,solid,?,broken,,,,silent,15
23,1.15,18.5,-1.0,-1.0,,-1,0,50.0,manual,?,solid,?,broken,,,,silent,12
24,1.2,19.3,-1.0,-1.0,,-1,0,50.0,manual,?,solid,?,broken,,,,silent,14
25,1.25,19.5,-1.0,-1.0,,-1,0,50.0,manual,?,solid,?,broken,,,,silent,16
26,1.3,19.8,-1.0,-1.0,,-1,0,50.0,manual,?,solid,?,broken,,,,silent,17
27,1.35,20.4,-1.0,-1.0,,-1,0,50.0,manual,?,solid,?,broken,,,,silent,19
28,1.4,21.0,-1.0,-1.0,,-1,0,50.0,manual,?,solid,?,broken,,,,silent,15
29,1.45,21.9,-1.0,-1.0,,-1,0,50.0,manual,?,solid,?,broken,,,,silent,16
30,1.5,22.7,-1.0,-1.0,,-1,0,50.0,manual,?,solid,?,broken,,,,silent,15
31,1.55,23.7,-1.0,-1.0,,-1,0,50.0,manual,?,solid,?,broken,,,,silent,17
32,1.6,24.6,-1.0,-1.0,,-1,0,50.0,manual,?,solid,?,broken,,,,silent,15
33,1.65,25.8,-1.0,-1.0,,-1,0,50.0,manual,?,solid,?,broken,,,,silent,16
34,1.7,26.6,-1.0,-1.0,,-1,0,50.0,manual,?,solid,?,broken,,,,silent,13
35,1.75,27.7,-1.0,-1.0,,-1,0,50.0,manual,?,solid,?,broken,,,,silent,14
36,1.8,28.6,-1.0,-1.0,,-1,0,50.0,manual,?,solid,?,broken,,,,silent,17
37,1.85,29.6,-1.0,-1.0,,-1,0,50.0,manual,?,solid,?,broken,,,,silent,17
38,1.9,30.2,-1.0,-1.0,,-1,0,50.0,manual,?,solid,?,broken,,,,silent,14
39,1.95,30.5,-1.0,-1.0,,-1,0,50.0,manual,?,solid,?,broken,,,,silent,18
40,2.0,30.3,-1.0,-1.0,,-1,0,50.0,manual,?,solid,?,broken,,,,silent,18
41,2.05,30.1,-1.0,-1.0,,-1,0,50.0,manual,?,solid,?,broken,,,,silent,14
42,2.1,29.7,-1.0,-1.0,,-1,0,50.0,manual,?,solid,?,broken,,,,silent,13
43,2.15,29.3,-1.0,-1.0,,-1,0,50.0,manual,?,solid,?,broken,,,,silent,14
44,2.2,28.9,-1.0,-1.0,,-1,0,50.0,manual,?,solid,?,broken,,,,silent,15
45,2.25,28.6,-1.0,-1.0,,-1,0,50.0,manual,?,solid,?,broken,,,,silent,18
46,2.3,28.4,-1.0,-1.0,,-1,0,50.0,manual,?,solid,?,broken,,,,silent,14
47,2.35,28.4,-1.0,-1.0,,-1,0,50.0,manual,?,solid,?,broken,,,,silent,19
48,2.4,28.5,-1.0,-1.0,,-1,0,50.0,manual,?,solid,?,broken,,,,silent,18
49,2.45,28.7,-1.0,-1.0,,-1,0,50.0,manual,?,solid,?,broken,,,,silent,15
50,2.5,28.9,-1.0,-1.0,,-1,0,50.0,manual,?,solid,?,broken,,,,silent,17
51,2.55,29.2,-1.0,-1.0,,-1,0,50.0,manual,?,solid,?,broken,,,,silent,18
52,2.6,29.3,-1.0,-1.0,,-1,0,50.0,manual,?,solid,?,broken,,,,silent,14
53,2.65,29.4,-1.0,-1.0,,-1,0,50.0,manual,?,solid,?,broken,,,,silent,13
54,2.7,29.4,-1.0,-1.0,,-1,0,50.0,manual,?,solid,?,broken,,,,silent,13
55,2.75,29.3,-1.0,-1.0,,-1,0,50.0,manual,?,solid,?,broken,,,,silent,18
56,2.8,29.1,-1.0,-1.0,,-1,0,50.0,manual,?,solid,?,broken,,,,silent,16
57,2.85,29.1,-1.0,-1.0,,-1,0,50.0,manual,?,solid,?,broken,,,,silent,13
58,2.9,28.9,-1.0,-1.0,,-1,0,50.0,manual,?,solid,?,broken,,,,silent,16
59,2.95,28.9,-1.0,-1.0,,-1,0,50.0,manual,?,solid,?,broken,,,,silent,18
60,3.0,28.7,-1.0,-1.0,,-1,0,50.0,manual,?,solid,?,broken,,,,silent,18
61,3.05,28.8,-1.0,-1.0,,-1,0,50.0,manual,?,solid,?,broken,,,,silent,17
62,3.1,28.6,-1.0,-1.0,,-1,0,50.0,manual,?,solid,?,broken,,,,silent,18
63,3.15,28.7,-1.0,-1.0,,-1,0,50.0,manual,?,solid,?,broken,,,,silent,18
64,3.2,28.6,-1.0,-1.0,,-1,0,50.0,manual,?,solid,?,broken,,,,silent,17
65,3.25,28.6,-1.0,-1.0,,-1,0,50.0,manual,?,solid,?,broken,,,,silent,11
66,3.3,28.5,-1.0,-1.0,,-1,0,50.0,manual,?,solid,?,broken,,,,silent,13
67,3.35,28.5,-1.0,-1.0,,-1,0,50.0,manual,?,solid,?,broken,,,,silent,17
68,3.4,28.4,-1.0,-1.0,,-1,0,50.0,manual,?,solid,?,broken,,,,silent,18
69,3.45,28.5,-1.0,-1.0,,-1,0,50.0,manual,?,solid,?,broken,,,,silent,18
70,3.5,28.4,-1.0,-1.0,,-1,0,50.0,manual,?,solid,?,broken,,,,silent,13
71,3.55,28.4,-1.0,-1.0,,-1,0,50.0,manual,?,solid,?,broken,,,,silent,17
72,3.6,28.4,-1.0,-1.0,,-1,0,50.0,manual,?,solid,?,broken,,,,silent,17
73,3.65,28.4,-1.0,-1.0,,-1,0,50.0,manual,?,solid,?,broken,,,,silent,12
74,3.7,28.3,-1.0,-1.0,,-1,0,50.0,manual,?,solid,?,broken,,,,silent,14
75,3.75,28.4,-1.0,-1.0,,-1,0,50.0,manual,?,solid,?,broken,,,,silent,14
76,3.8,28.3,-1.0,-1.0,,-1,0,50.0,manual,?,solid,?,broken,,,,silent,13
77,3.85,28.3,-1.0,-1.0,,-1,0,50.0,manual,?,solid,?,broken,,,,silent,18
78,3.9,28.2,-1.0,-1.0,,-1,0,50.0,manual,?,solid,?,broken,,,,silent,15
79,3.95,28.3,-1.0,-1.0,,-1,0,50.0,manual,?,solid,?,broken,,,,silent,16
80,4.0,28.2,-1.0,-1.0,,-1,0,50.0,manual,?,solid,?,broken,,,,silent,14
81,4.05,28.2,-1.0,-1.0,,-1,0,50.0,manual,?,solid,?,broken,,,,silent,15
82,4.1,28.1,-1.0,-1.0,,-1,0,50.0,manual,?,solid,?,broken,,,,silent,12
83,4.15,28.2,-1.0,-1.0,,-1,0,50.0,manual,?,solid,?,broken,,,,silent,17
84,4.2,28.1,-1.0,-1.0,,-1,0,50.0,manual,?,solid,?,broken,,,,silent,15
85,4.25,28.3,-1.0,-1.0,,-1,0,50.0,manual,?,solid,?,broken,,,,silent,16
86,4.3,28.6,-1.0,-1.0,,-1,0,50.0,manual,?,solid,?,broken,,,,silent,17
87,4.35,29.1,-1.0,-1.0,,-1,0,50.0,manual,?,solid,?,broken,,,,silent,17
88,4.4,29.5,-1.0,-1.0,,-1,0,50.0,manual,?,solid,?,broken,,,,silent,14
89,4.45,30.0,-1.0,-1.0,,-1,0,50.0,manual,?,solid,?,broken,,,,silent,19
90,4.5,30.3,-1.0,-1.0,,-1,0,50.0,manual,?,solid,?,broken,,,,silent,14
91,4.55,30.7,-1.0,-1.0,,-1,0,50.0,manual,?,solid,?,broken,,,,silent,17
92,4.6,31.1,-1.0,-1.0,,-1,0,50.0,manual,?,solid,?,broken,,,,silent,14
93,4.65,31.7,-1.0,-1.0,,-1,0,50.0,manual,?,solid,?,broken,,,,silent,18
94,4.7,32.2,-1.0,-1.0,,-1,0,50.0,manual,?,solid,?,broken,,,,silent,16
95,4.75,33.1,-1.0,-1.0,,-1,0,50.0,manual,?,solid,?,broken,,,,silent,16
96,4.8,33.8,-1.0,-1.0,,-1,0,50.0,manual,?,solid,?,broken,,,,silent,18
97,4.85,34.3,-1.0,-1.0,,-1,0,50.0,manual,?,solid,?,broken,,,,silent,15
98,4.9,34.7,-1.0,-1.0,,-1,0,50.0,manual,?,solid,?,broken,,,,silent,14
99,4.95,35.0,-1.0,-1.0,,-1,0,50.0,manual,?,solid,?,broken,,,,silent,14
100,5.0,35.4,-1.0,-1.0,,-1,0,50.0,manual,?,solid,?,broken,,,,silent,15
101,5.05,36.3,-1.0,-1.0,,-1,0,50.0,manual,?,solid,?,broken,,,,silent,14
102,5.1,36.9,-1.0,-1.0,,-1,0,50.0,manual,?,solid,?,broken,,,,silent,13
103,5.15,37.6,-1.0,-1.0,,-1,0,50.0,manual,?,solid,?,broken,,,,silent,17
104,5.2,38.3,-1.0,-1.0,,-1,0,50.0,manual,?,solid,?,broken,,,,silent,18
105,5.25,39.0,-1.0,-1.0,,-1,0,50.0,manual,?,solid,?,broken,,,,silent,15
106,5.3,39.5,-1.0,-1.0,,-1,0,50.0,manual,?,solid,?,broken,,,,silent,15
107,5.35,39.9,-1.0,-1.0,,-1,0,50.0,manual,?,broken,?,broken,,,,silent,17
108,5.4,40.2,-1.0,-1.0,,-1,0,50.0,manual,?,broken,?,broken,,,,silent,18
109,5.45,40.8,-1.0,-1.0,,-1,0,50.0,manual,?,broken,?,broken,,,,silent,12
110,5.5,41.5,-1.0,-1.0,,-1,0,50.0,manual,?,broken,?,broken,,,,silent,18
111,5.55,42.1,-1.0,-1.0,,-1,0,50.0,manual,?,broken,?,broken,,,,silent,16
112,5.6,42.7,-1.0,-1.0,,-1,0,50.0,manual,?,broken,?,broken,,,,silent,13
113,5.65,43.1,-1.0,-1.0,,-1,0,50.0,manual,?,broken,?,broken,,,,silent,13
114,5.7,43.2,-1.0,-1.0,,-1,0,50.0,manual,?,broken,?,broken,,,,silent,16
115,5.75,43.3,-1.0,-1.0,,-1,0,50.0,manual,?,broken,?,broken,,,,silent,13
116,5.8,43.9,-1.0,-1.0,,-1,0,50.0,manual,?,broken,?,broken,,,,silent,17
117,5.85,44.5,-1.0,-1.0,,-1,0,50.0,manual,?,broken,?,broken,,,,silent,16
118,5.9,44.9,-1.0,-1.0,,-1,0,50.0,manual,?,broken,?,broken,,,,silent,17
119,5.95,45.1,-1.0,-1.0,,-1,0,50.0,manual,?,broken,?,broken,,,,silent,16
120,6.0,45.6,-1.0,-1.0,,-1,0,50.0,manual,?,broken,?,broken,,,,silent,17
121,6.05,46.2,-1.0,-1.0,,-1,0,50.0,manual,?,broken,?,broken,,,,silent,19
122,6.1,46.9,-1.0,-1.0,,-1,0,50.0,manual,?,broken,?,broken,,,,silent,19
123,6.15,47.5,-1.0,-1.0,,-1,0,50.0,manual,?,broken,?,broken,,,,silent,16
124,6.2,48.1,-1.0,-1.0,,-1,0,50.0,manual,?,broken,?,broken,,,,silent,13
125,6.25,48.7,-1.0,-1.0,,-1,0,50.0,manual,?,broken,?,broken,,,,silent,13
126,6.3,49.2,-1.0,-1.0,,-1,0,50.0,manual,?,broken,?,broken,,,,silent,18
127,6.35,49.5,-1.0,-1.0,,-1,0,50.0,manual,?,broken,?,broken,,,,silent,13
128,6.4,49.5,-1.0,-1.0,,-1,0,50.0,manual,?,broken,?,broken,,,,silent,21
129,6.45,49.5,-1.0,-1.0,,-1,0,50.0,manual,?,broken,?,broken,,,,silent,16
130,6.5,49.6,-1.0,-1.0,,-1,0,50.0,manual,?,broken,?,broken,,,,silent,19
131,6.55,50.1,-1.0,-1.0,,-1,0,50.0,manual,?,broken,?,broken,,,,silent,17
132,6.6,50.7,-1.0,-1.0,,-1,0,50.0,manual,?,broken,?,broken,,,,silent,16
133,6.65,51.3,-1.0,-1.0,,-1,0,50.0,manual,?,broken,?,broken,,,,silent,17
134,6.7,51.8,-1.0,-1.0,,-1,0,50.0,manual,?,broken,?,broken,,,,silent,16
135,6.75,52.2,-1.0,-1.0,,-1,0,50.0,manual,?,broken,?,broken,,,,silent,18
136,6.8,52.3,-1.0,-1.0,,-1,0,50.0,manual,?,broken,?,broken,,,,silent,17
137,6.85,52.8,-1.0,-1.0,,-1,0,50.0,manual,?,broken,?,broken,,,,silent,14
138,6.9,53.4,-1.0,-1.0,,-1,0,50.0,manual,?,broken,?,broken,,,,silent,15
139,6.95,53.9,-1.0,-1.0,,-1,0,50.0,manual,?,broken,?,broken,,,,silent,16
140,7.0,54.5,-1.0,-1.0,,-1,0,50.0,manual,?,broken,?,broken,,,,silent,13
141,7.05,55.0,-1.0,-1.0,,-1,0,50.0,manual,?,broken,?,broken,,,,silent,16
142,7.1,55.6,-1.0,-1.0,,-1,0,50.0,manual,?,broken,?,broken,,,,silent,16
143,7.15,56.1,-1.0,-1.0,,-1,0,50.0,manual,?,broken,?,broken,,,,silent,18
144,7.2,56.6,-1.0,-1.0,,-1,0,50.0,manual,?,broken,?,broken,,,,silent,15
145,7.25,57.1,-1.0,-1.0,,-1,0,50.0,manual,?,broken,?,broken,,,,silent,17
146,7.3,57.7,-1.0,-1.0,,-1,0,50.0,manual,?,broken,?,broken,,,,silent,15
147,7.35,58.2,-1.0,-1.0,,-1,0,50.0,manual,?,broken,?,broken,,,,silent,18
148,7.4,58.7,-1.0,-1.0,,-1,0,50.0,manual,?,broken,?,broken,,,,silent,17
149,7.45,59.2,-1.0,-1.0,,-1,0,50.0,manual,?,broken,?,broken,,,,silent,18
150,7.5,59.7,-1.0,-1.0,,-1,0,50.0,manual,?,broken,?,broken,,,,silent,14
151,7.55,60.2,-1.0,-1.0,,-1,0,50.0,manual,?,broken,?,broken,,,,silent,14
152,7.6,60.7,-1.0,-1.0,,-1,0,50.0,manual,?,broken,?,broken,,,,silent,15
153,7.65,61.1,-1.0,-1.0,,-1,0,50.0,manual,?,broken,?,broken,,,,silent,17
154,7.7,61.6,-1.0,-1.0,,-1,0,50.0,manual,?,broken,?,broken,,,,silent,17
155,7.75,62.1,-1.0,-1.0,,-1,0,50.0,manual,?,broken,?,broken,,,,silent,16
156,7.8,62.6,-1.0,-1.0,,-1,0,50.0,manual,?,broken,?,broken,,,,silent,15
157,7.85,63.0,-1.0,-1.0,,-1,0,50.0,manual,?,broken,?,broken,,,,silent,15
158,7.9,63.5,-1.0,-1.0,,-1,0,50.0,manual,?,broken,?,broken,,,,silent,18
159,7.95,64.0,-1.0,-1.0,,-1,0,50.0,manual,?,broken,?,broken,,,,silent,14
160,8.0,64.4,-1.0,-1.0,,-1,0,50.0,manual,?,broken,?,broken,,,,silent,14
161,8.05,64.9,-1.0,-1.0,,-1,0,50.0,manual,?,broken,?,broken,,,,silent,19
162,8.1,65.4,-1.0,-1.0,,-1,0,50.0,manual,?,broken,?,broken,,,,silent,17
163,8.15,65.8,-1.0,-1.0,,-1,0,50.0,manual,?,broken,?,broken,,,,silent,16
164,8.2,66.3,-1.0,-1.0,,-1,0,50.0,manual,?,broken,?,broken,,,,silent,15
165,8.25,66.7,-1.0,-1.0,,-1,0,50.0,manual,?,broken,?,broken,,,SPEED_LIMIT,ego=18.5 limit=13.9,18
166,8.3,67.1,-1.0,-1.0,,-1,0,50.0,manual,?,broken,?,broken,,,,silent,15
167,8.35,67.6,-1.0,-1.0,,-1,0,50.0,manual,?,broken,?,broken,,,,silent,18
168,8.4,68.0,-1.0,-1.0,,-1,0,50.0,manual,?,broken,?,broken,,,,silent,17
169,8.45,68.4,-1.0,-1.0,,-1,0,50.0,manual,?,broken,?,broken,,,,silent,17
170,8.5,68.9,-1.0,-1.0,,-1,0,50.0,manual,?,broken,?,broken,,,,silent,17
171,8.55,69.3,-1.0,-1.0,,-1,0,50.0,manual,?,broken,?,broken,,,,silent,18
172,8.6,69.7,-1.0,-1.0,,-1,0,50.0,manual,?,broken,?,broken,,,,silent,17
173,8.65,70.1,-1.0,-1.0,,-1,0,50.0,manual,?,broken,?,broken,,,,silent,17
174,8.7,70.6,-1.0,-1.0,,-1,0,50.0,manual,?,broken,?,broken,,,,silent,17
175,8.75,71.0,-1.0,-1.0,,-1,0,50.0,manual,?,broken,?,broken,,,,silent,18
176,8.8,71.4,-1.0,-1.0,,-1,0,50.0,manual,?,broken,?,broken,,,,silent,15
177,8.85,71.8,-1.0,-1.0,,-1,0,50.0,manual,?,broken,?,broken,,,,silent,17
178,8.9,72.2,-1.0,-1.0,,-1,0,50.0,manual,?,broken,?,broken,,,,silent,17
179,8.95,72.6,-1.0,-1.0,,-1,0,50.0,manual,?,broken,?,broken,,,,silent,18
180,9.0,73.0,-1.0,-1.0,,-1,0,50.0,manual,?,broken,?,broken,,,,silent,17
181,9.05,73.4,-1.0,-1.0,,-1,0,50.0,manual,?,broken,?,broken,,,,silent,19
182,9.1,73.8,-1.0,-1.0,,-1,0,50.0,manual,?,broken,?,broken,,,,silent,18
183,9.15,74.1,-1.0,-1.0,,-1,0,50.0,manual,?,broken,?,broken,,,,silent,18
184,9.2,74.2,-1.0,-1.0,,-1,0,50.0,manual,?,broken,?,broken,,,,silent,17
185,9.25,74.0,-1.0,-1.0,,-1,0,50.0,manual,?,broken,?,broken,,,,silent,17
186,9.3,74.2,-1.0,-1.0,,-1,0,50.0,manual,?,broken,?,broken,,,,silent,16
187,9.35,74.6,-1.0,-1.0,,-1,0,50.0,manual,?,broken,?,broken,,,,silent,18
188,9.4,75.0,-1.0,-1.0,,-1,0,50.0,manual,?,broken,?,broken,,,,silent,17
189,9.45,75.3,-1.0,-1.0,,-1,0,50.0,manual,?,broken,?,broken,,,,silent,19
190,9.5,75.6,-1.0,-1.0,,-1,0,50.0,manual,?,broken,?,broken,,,,silent,17
191,9.55,76.0,-1.0,-1.0,,-1,0,50.0,manual,?,broken,?,broken,,,,silent,17
192,9.6,76.4,-1.0,-1.0,,-1,0,50.0,manual,?,broken,?,broken,,,,silent,17
193,9.65,76.7,-1.0,-1.0,,-1,0,50.0,manual,?,broken,?,broken,,,,silent,20
194,9.7,77.1,-1.0,-1.0,,-1,0,50.0,manual,?,broken,?,broken,,,,silent,17
195,9.75,77.5,-1.0,-1.0,,-1,0,50.0,manual,?,broken,?,broken,,,,silent,14
196,9.8,77.8,-1.0,-1.0,,-1,0,50.0,manual,?,broken,?,broken,,,,silent,16
197,9.85,78.2,-1.0,-1.0,,-1,0,50.0,manual,?,broken,?,broken,,,,silent,17
198,9.9,78.6,-1.0,-1.0,,-1,0,50.0,manual,?,broken,?,broken,,,,silent,16
199,9.95,78.9,-1.0,-1.0,,-1,0,50.0,manual,?,broken,?,broken,,,,silent,17
200,10.0,79.3,-1.0,-1.0,,-1,0,50.0,manual,?,broken,?,broken,,,,silent,18
201,10.05,79.6,-1.0,-1.0,,-1,0,50.0,manual,?,broken,?,broken,,,,silent,14
202,10.1,80.0,-1.0,-1.0,,-1,0,50.0,manual,?,broken,?,broken,,,,silent,18
203,10.15,80.3,-1.0,-1.0,,-1,0,50.0,manual,?,broken,?,broken,,,,silent,17
204,10.2,80.7,-1.0,-1.0,,-1,0,50.0,manual,?,broken,?,broken,,,,silent,14
205,10.25,81.0,-1.0,-1.0,,-1,0,50.0,manual,?,broken,?,broken,,,,silent,12
206,10.3,81.3,-1.0,-1.0,,-1,0,50.0,manual,?,broken,?,broken,,,,silent,15
207,10.35,81.7,-1.0,-1.0,,-1,0,50.0,manual,?,solid,?,broken,,,,silent,13
208,10.4,82.0,-1.0,-1.0,,-1,0,50.0,manual,?,solid,?,broken,,,,silent,17
209,10.45,82.4,-1.0,-1.0,,-1,0,50.0,manual,?,solid,?,broken,,,,silent,18
210,10.5,82.7,-1.0,-1.0,,-1,0,50.0,manual,?,solid,?,broken,,,,silent,14
211,10.55,83.0,-1.0,-1.0,,-1,0,50.0,manual,?,solid,?,broken,,,,silent,17
212,10.6,83.2,-1.0,-1.0,,-1,0,50.0,manual,?,solid,?,broken,,,,silent,18
213,10.65,83.3,-1.0,-1.0,,-1,0,50.0,manual,?,solid,?,broken,,,,silent,12
214,10.7,83.0,-1.0,-1.0,,-1,0,50.0,manual,?,solid,?,broken,,,,silent,15
215,10.75,83.1,-1.0,-1.0,,-1,0,50.0,manual,?,solid,?,broken,,,,silent,11
216,10.8,83.4,-1.0,-1.0,,-1,0,50.0,manual,?,solid,?,broken,,,,silent,18
217,10.85,83.7,-1.0,-1.0,,-1,0,50.0,manual,?,solid,?,broken,,,,silent,16
218,10.9,84.0,-1.0,-1.0,,-1,0,50.0,manual,?,solid,?,broken,,,,silent,17
219,10.95,84.2,-1.0,-1.0,,-1,0,50.0,manual,?,solid,?,broken,,,,silent,13
220,11.0,84.5,-1.0,-1.0,,-1,0,50.0,manual,?,solid,?,broken,,,,silent,17
221,11.05,84.7,-1.0,-1.0,,-1,0,50.0,manual,?,solid,?,broken,,,,silent,16
222,11.1,85.0,-1.0,-1.0,,-1,0,50.0,manual,?,solid,?,broken,,,,silent,17
223,11.15,85.3,-1.0,-1.0,,-1,0,50.0,manual,?,solid,?,broken,,,,silent,16
224,11.2,85.6,-1.0,-1.0,,-1,0,50.0,manual,?,solid,?,broken,,,,silent,18
225,11.25,85.9,-1.0,-1.0,,-1,0,50.0,manual,?,solid,?,broken,,,,silent,16
226,11.3,86.2,-1.0,-1.0,,-1,0,50.0,manual,?,solid,?,broken,,,,silent,15
227,11.35,86.5,-1.0,-1.0,,-1,0,50.0,manual,?,solid,?,broken,,,,silent,18
228,11.4,86.8,-1.0,-1.0,,-1,0,50.0,manual,?,solid,?,broken,,,,silent,18
229,11.45,87.1,-1.0,-1.0,,-1,0,50.0,manual,?,solid,?,broken,,,,silent,14
230,11.5,87.4,-1.0,-1.0,,-1,0,50.0,manual,?,solid,?,broken,,,,silent,17
231,11.55,87.7,-1.0,-1.0,,-1,0,50.0,manual,?,solid,?,broken,,,,silent,12
232,11.6,88.0,-1.0,-1.0,,-1,0,50.0,manual,?,solid,?,broken,,,,silent,13
233,11.65,88.0,-1.0,-1.0,,-1,0,50.0,manual,?,solid,?,broken,,,,silent,13
234,11.7,87.7,-1.0,-1.0,,-1,0,50.0,manual,?,solid,?,broken,,,,silent,16
235,11.75,87.2,-1.0,-1.0,,-1,0,50.0,manual,?,solid,?,broken,,,,silent,17
236,11.8,86.7,-1.0,-1.0,,-1,0,50.0,manual,?,solid,?,broken,,,,silent,13
237,11.85,86.1,-1.0,-1.0,,-1,0,50.0,manual,?,solid,?,broken,,,,silent,14
238,11.9,85.4,-1.0,-1.0,,-1,0,50.0,manual,?,solid,?,broken,,,,silent,13
239,11.95,84.8,-1.0,-1.0,,-1,0,50.0,manual,?,solid,?,broken,,,,silent,18
240,12.0,84.3,-1.0,-1.0,,-1,0,50.0,manual,?,solid,?,broken,,,,silent,17
241,12.05,84.1,-1.0,-1.0,,-1,0,50.0,manual,?,solid,?,broken,,,,silent,12
242,12.1,83.9,-1.0,-1.0,,-1,0,50.0,manual,?,solid,?,broken,,,,silent,17
243,12.15,83.6,-1.0,-1.0,,-1,0,50.0,manual,?,solid,?,broken,,,,silent,14
244,12.2,83.7,-1.0,-1.0,,-1,0,50.0,manual,?,solid,?,broken,,,,silent,14
245,12.25,83.8,-1.0,-1.0,,-1,0,50.0,manual,?,solid,?,broken,,,,silent,15
246,12.3,83.6,-1.0,-1.0,,-1,0,50.0,manual,?,solid,?,broken,,,,silent,13
247,12.35,83.0,-1.0,-1.0,,-1,0,50.0,manual,?,solid,?,broken,,,,silent,16
248,12.4,82.0,-1.0,-1.0,,-1,0,90,sign,?,broken,?,broken,,,,silent,16
249,12.45,80.6,-1.0,-1.0,,-1,0,90,sign,?,broken,?,broken,,,,silent,16
250,12.5,79.2,-1.0,-1.0,,-1,1,90,sign,?,broken,?,broken,,,,silent,16
251,12.55,77.9,-1.0,-1.0,,-1,1,90,sign,?,broken,?,broken,,,,silent,18
252,12.6,76.6,-1.0,-1.0,,-1,1,90,sign,?,broken,?,broken,,,,silent,14
253,12.65,75.2,-1.0,-1.0,,-1,1,90,sign,?,broken,?,broken,,,,silent,13
254,12.7,73.8,-1.0,-1.0,,-1,1,90,sign,?,broken,?,broken,,,,silent,17
255,12.75,72.4,-1.0,-1.0,,-1,1,90,sign,?,broken,?,broken,,,,silent,17
256,12.8,71.2,-1.0,-1.0,,-1,1,90,sign,?,broken,?,broken,,,,silent,12
257,12.85,70.3,-1.0,-1.0,,-1,2,90,sign,?,broken,?,broken,,,,silent,18
258,12.9,69.5,-1.0,-1.0,,-1,2,90,sign,?,broken,?,broken,,,,silent,13
259,12.95,68.7,-1.0,-1.0,,-1,1,90,sign,?,broken,?,broken,,,,silent,11
260,13.0,68.4,-1.0,-1.0,,-1,1,90,sign,?,broken,?,broken,,,,silent,14
261,13.05,68.6,-1.0,-1.0,,-1,1,90,sign,?,broken,?,broken,,,,silent,18
262,13.1,68.7,-1.0,-1.0,,-1,1,90,sign,?,broken,?,broken,,,,silent,12
263,13.15,69.0,-1.0,-1.0,,-1,1,90,sign,?,broken,?,broken,,,,silent,18
264,13.2,69.3,-1.0,-1.0,,-1,0,90,sign,?,broken,?,broken,,,,silent,16
265,13.25,69.6,-1.0,-1.0,,-1,0,90,sign,?,broken,?,broken,,,,silent,12
266,13.3,69.9,-1.0,-1.0,,-1,0,90,sign,?,broken,?,broken,,,,silent,18
267,13.35,69.8,-1.0,-1.0,,-1,0,90,sign,?,broken,?,broken,,,,silent,13
268,13.4,69.3,-1.0,-1.0,,-1,0,90,sign,?,broken,?,broken,,,,silent,13
269,13.45,68.6,-1.0,-1.0,,-1,0,90,sign,?,broken,?,broken,,,,silent,15
270,13.5,67.6,-1.0,-1.0,,-1,0,90,sign,?,broken,?,broken,,,,silent,13
271,13.55,66.6,-1.0,-1.0,,-1,0,90,sign,?,broken,?,broken,,,,silent,18
272,13.6,65.5,-1.0,-1.0,,-1,0,90,sign,?,broken,?,broken,,,,silent,13
273,13.65,64.3,-1.0,-1.0,,-1,0,90,sign,?,broken,?,broken,,,,silent,14
274,13.7,63.2,-1.0,-1.0,,-1,0,90,sign,?,broken,?,broken,,,,silent,14
275,13.75,62.0,-1.0,-1.0,,-1,0,90,sign,?,broken,?,broken,,,,silent,15
276,13.8,60.8,-1.0,-1.0,,-1,0,90,sign,?,broken,?,broken,,,,silent,12
277,13.85,59.6,-1.0,-1.0,,-1,0,90,sign,?,broken,?,broken,,,,silent,16
278,13.9,58.5,-1.0,-1.0,,-1,0,90,sign,?,broken,?,broken,,,,silent,19
279,13.95,57.3,-1.0,-1.0,,-1,0,90,sign,?,broken,?,broken,,,,silent,13
280,14.0,56.2,-1.0,-1.0,,-1,0,90,sign,?,broken,?,broken,,,,silent,18
281,14.05,55.1,-1.0,-1.0,,-1,0,90,sign,?,broken,?,broken,,,,silent,14
282,14.1,54.0,-1.0,-1.0,,-1,0,90,sign,?,broken,?,broken,,,,silent,18
283,14.15,52.9,-1.0,-1.0,,-1,0,90,sign,?,broken,?,broken,,,,silent,11
284,14.2,51.8,-1.0,-1.0,,-1,0,90,sign,?,broken,?,broken,,,,silent,18
285,14.25,50.8,-1.0,-1.0,,-1,0,90,sign,?,broken,?,broken,,,,silent,18
286,14.3,49.8,-1.0,-1.0,,-1,0,90,sign,?,broken,?,broken,,,,silent,15
287,14.35,48.8,-1.0,-1.0,,-1,0,90,sign,?,broken,?,broken,,,,silent,18
288,14.4,47.8,-1.0,-1.0,,-1,0,90,sign,?,broken,?,broken,,,,silent,18
289,14.45,46.8,-1.0,-1.0,,-1,0,90,sign,?,broken,?,broken,,,,silent,12
290,14.5,45.9,-1.0,-1.0,,-1,0,90,sign,?,broken,?,broken,,,,silent,14
291,14.55,45.0,-1.0,-1.0,,-1,0,90,sign,?,broken,?,broken,,,,silent,19
292,14.6,44.0,-1.0,-1.0,,-1,0,90,sign,?,broken,?,broken,,,,silent,13
293,14.65,43.2,-1.0,-1.0,,-1,1,90,sign,?,broken,?,broken,,,,silent,20
294,14.7,42.3,-1.0,-1.0,,-1,1,90,sign,?,broken,?,broken,,,,silent,19
295,14.75,41.4,-1.0,-1.0,,-1,1,90,sign,?,broken,?,broken,,,,silent,15
296,14.8,40.3,-1.0,-1.0,,-1,1,90,sign,?,broken,?,broken,,,,silent,11
297,14.85,39.5,-1.0,-1.0,,-1,1,90,sign,?,broken,?,broken,,,,silent,18
298,14.9,38.7,-1.0,-1.0,,-1,1,90,sign,?,broken,?,broken,,,,silent,16
299,14.95,37.9,-1.0,-1.0,,-1,1,90,sign,?,broken,?,broken,,,,silent,18
300,15.0,37.2,-1.0,-1.0,,-1,1,90,sign,?,broken,?,broken,,,,silent,13
301,15.05,36.4,-1.0,-1.0,,-1,0,90,sign,?,broken,?,broken,,,,silent,14
302,15.1,35.8,-1.0,-1.0,,-1,0,90,sign,?,broken,?,broken,,,,silent,14
303,15.15,35.0,-1.0,-1.0,,-1,0,90,sign,?,broken,?,broken,,,,silent,12
304,15.2,34.3,-1.0,-1.0,,-1,0,90,sign,?,broken,?,broken,,,,silent,17
305,15.25,33.6,-1.0,-1.0,,-1,0,90,sign,?,broken,?,broken,,,,silent,14
306,15.3,33.0,-1.0,-1.0,,-1,0,90,sign,?,broken,?,broken,,,,silent,13
307,15.35,32.2,-1.0,-1.0,,-1,0,90,sign,?,broken,?,broken,,,,silent,17
308,15.4,31.6,-1.0,-1.0,,-1,0,90,sign,?,broken,?,broken,,,,silent,14
309,15.45,30.9,-1.0,-1.0,,-1,0,90,sign,?,broken,?,broken,,,,silent,16
310,15.5,30.3,-1.0,-1.0,,-1,0,90,sign,?,broken,?,broken,,,,silent,16
311,15.55,29.6,-1.0,-1.0,,-1,0,90,sign,?,broken,?,broken,,,,silent,16
312,15.6,29.1,-1.0,-1.0,,-1,0,90,sign,?,broken,?,broken,,,,silent,16
313,15.65,28.5,-1.0,-1.0,,-1,0,90,sign,?,broken,?,broken,,,,silent,17
314,15.7,28.1,-1.0,-1.0,,-1,0,90,sign,?,broken,?,broken,,,,silent,20
315,15.75,27.8,-1.0,-1.0,,-1,0,90,sign,?,broken,?,broken,,,,silent,18
316,15.8,28.0,-1.0,-1.0,,-1,0,90,sign,?,broken,?,broken,,,,silent,17
317,15.85,28.3,-1.0,-1.0,,-1,0,90,sign,?,broken,?,broken,,,,silent,18
318,15.9,28.8,-1.0,-1.0,,-1,0,90,sign,?,broken,?,broken,,,,silent,18
319,15.95,29.3,-1.0,-1.0,,-1,0,90,sign,?,broken,?,broken,,,,silent,20
320,16.0,29.9,-1.0,-1.0,,-1,0,90,sign,?,broken,?,broken,,,,silent,17
321,16.05,30.5,-1.0,-1.0,,-1,0,90,sign,?,broken,?,broken,,,,silent,16
322,16.1,31.2,-1.0,-1.0,,-1,0,90,sign,?,broken,?,broken,,,,silent,16
323,16.15,31.7,-1.0,-1.0,,-1,0,90,sign,?,broken,?,broken,,,,silent,17
324,16.2,32.4,-1.0,-1.0,,-1,0,90,sign,?,broken,?,broken,,,,silent,17
325,16.25,33.1,-1.0,-1.0,,-1,0,90,sign,?,broken,?,broken,,,,silent,17
326,16.3,33.8,-1.0,-1.0,,-1,0,90,sign,?,broken,?,broken,,,,silent,17
327,16.35,34.5,-1.0,-1.0,,-1,0,90,sign,?,broken,?,broken,,,,silent,16
328,16.4,35.2,-1.0,-1.0,,-1,0,90,sign,?,broken,?,broken,,,,silent,19
329,16.45,35.9,-1.0,-1.0,,-1,0,90,sign,?,broken,?,broken,,,,silent,13
330,16.5,36.4,-1.0,-1.0,,-1,0,90,sign,?,broken,?,broken,,,,silent,15
331,16.55,37.2,-1.0,-1.0,,-1,0,90,sign,?,broken,?,broken,,,,silent,17
332,16.6,38.0,-1.0,-1.0,,-1,0,90,sign,?,broken,?,broken,,,,silent,16
333,16.65,38.6,-1.0,-1.0,,-1,0,90,sign,?,broken,?,broken,,,,silent,19
334,16.7,39.3,-1.0,-1.0,,-1,0,90,sign,?,broken,?,broken,,,,silent,15
335,16.75,39.9,-1.0,-1.0,,-1,0,90,sign,?,broken,?,broken,,,,silent,14
336,16.8,40.4,-1.0,-1.0,,-1,0,90,sign,?,broken,?,broken,,,,silent,14
337,16.85,41.0,-1.0,-1.0,,-1,0,90,sign,?,broken,?,broken,,,,silent,17
338,16.9,41.7,-1.0,-1.0,,-1,0,90,sign,?,broken,?,broken,,,,silent,19
339,16.95,42.4,-1.0,-1.0,,-1,0,90,sign,?,broken,?,broken,,,,silent,15
340,17.0,43.0,-1.0,-1.0,,-1,0,90,sign,?,broken,?,broken,,,,silent,16
341,17.05,43.6,-1.0,-1.0,,-1,0,90,sign,?,broken,?,broken,,,,silent,16
342,17.1,44.3,-1.0,-1.0,,-1,0,90,sign,?,broken,?,broken,,,,silent,18
343,17.15,44.9,-1.0,-1.0,,-1,0,90,sign,?,broken,?,broken,,,,silent,15
344,17.2,45.5,-1.0,-1.0,,-1,0,90,sign,?,broken,?,broken,,,,silent,17
345,17.25,46.1,-1.0,-1.0,,-1,0,90,sign,?,broken,?,broken,,,,silent,17
346,17.3,46.7,-1.0,-1.0,,-1,0,90,sign,?,broken,?,broken,,,,silent,17
347,17.35,47.3,-1.0,-1.0,,-1,0,90,sign,?,broken,?,broken,,,,silent,14
348,17.4,47.9,-1.0,-1.0,,-1,0,90,sign,?,broken,?,broken,,,,silent,17
349,17.45,48.4,-1.0,-1.0,,-1,0,90,sign,?,broken,?,broken,,,,silent,16
350,17.5,49.0,-1.0,-1.0,,-1,0,90,sign,?,broken,?,broken,,,,silent,17
351,17.55,49.6,-1.0,-1.0,,-1,0,90,sign,?,broken,?,broken,,,,silent,15
352,17.6,50.2,-1.0,-1.0,,-1,0,90,sign,?,broken,?,broken,,,,silent,18
353,17.65,50.7,-1.0,-1.0,,-1,0,90,sign,?,broken,?,broken,,,,silent,15
354,17.7,51.3,-1.0,-1.0,,-1,0,90,sign,?,broken,?,broken,,,,silent,16
355,17.75,51.8,-1.0,-1.0,,-1,0,90,sign,?,broken,?,broken,,,,silent,17
356,17.8,52.4,-1.0,-1.0,,-1,0,90,sign,?,broken,?,broken,,,,silent,15
357,17.85,52.9,-1.0,-1.0,,-1,0,90,sign,?,broken,?,broken,,,,silent,17
358,17.9,53.5,-1.0,-1.0,,-1,0,90,sign,?,broken,?,broken,,,,silent,18
359,17.95,54.0,-1.0,-1.0,,-1,0,90,sign,?,broken,?,broken,,,,silent,13
360,18.0,54.5,-1.0,-1.0,,-1,0,90,sign,?,broken,?,broken,,,,silent,14
361,18.05,55.0,-1.0,-1.0,,-1,0,90,sign,?,broken,?,broken,,,,silent,14
362,18.1,55.2,-1.0,-1.0,,-1,0,90,sign,?,broken,?,broken,,,,silent,19
363,18.15,55.7,-1.0,-1.0,,-1,0,90,sign,?,broken,?,broken,,,,silent,14
364,18.2,56.2,-1.0,-1.0,,-1,0,90,sign,?,broken,?,broken,,,,silent,17
365,18.25,56.8,-1.0,-1.0,,-1,0,90,sign,?,broken,?,broken,,,,silent,13
366,18.3,57.3,-1.0,-1.0,,-1,0,90,sign,?,broken,?,broken,,,,silent,12
367,18.35,57.8,-1.0,-1.0,,-1,0,90,sign,?,broken,?,broken,,,,silent,12
368,18.4,58.3,-1.0,-1.0,,-1,0,90,sign,?,broken,?,broken,,,,silent,17
369,18.45,58.8,-1.0,-1.0,,-1,0,90,sign,?,broken,?,broken,,,,silent,13
370,18.5,59.3,-1.0,-1.0,,-1,0,90,sign,?,broken,?,broken,,,,silent,17
371,18.55,59.8,-1.0,-1.0,,-1,0,90,sign,?,broken,?,broken,,,,silent,11
372,18.6,60.3,-1.0,-1.0,,-1,0,90,sign,?,broken,?,broken,,,,silent,12
373,18.65,60.8,-1.0,-1.0,,-1,0,90,sign,?,broken,?,broken,,,,silent,18
374,18.7,61.3,-1.0,-1.0,,-1,0,90,sign,?,broken,?,broken,,,,silent,17
375,18.75,61.8,-1.0,-1.0,,-1,0,90,sign,?,broken,?,broken,,,,silent,17
376,18.8,62.2,-1.0,-1.0,,-1,0,90,sign,?,broken,?,broken,,,,silent,15
377,18.85,62.7,-1.0,-1.0,,-1,0,90,sign,?,broken,?,broken,,,,silent,18
378,18.9,63.1,-1.0,-1.0,,-1,0,90,sign,?,broken,?,broken,,,,silent,15
379,18.95,63.3,-1.0,-1.0,,-1,0,90,sign,?,broken,?,broken,,,,silent,12
380,19.0,63.2,-1.0,-1.0,,-1,0,90,sign,?,broken,?,broken,,,,silent,10
381,19.05,63.5,-1.0,-1.0,,-1,0,90,sign,?,broken,?,broken,,,,silent,13
382,19.1,64.0,-1.0,-1.0,,-1,0,90,sign,?,broken,?,broken,,,,silent,17
383,19.15,64.5,-1.0,-1.0,,-1,0,90,sign,?,broken,?,broken,,,,silent,15
384,19.2,64.9,-1.0,-1.0,,-1,0,90,sign,?,broken,?,broken,,,,silent,11
385,19.25,65.4,-1.0,-1.0,,-1,0,90,sign,?,broken,?,broken,,,,silent,16
386,19.3,65.8,-1.0,-1.0,,-1,0,90,sign,?,broken,?,broken,,,,silent,13
387,19.35,66.3,-1.0,-1.0,,-1,0,90,sign,?,broken,?,broken,,,,silent,16
388,19.4,66.7,-1.0,-1.0,,-1,0,90,sign,?,broken,?,broken,,,,silent,12
389,19.45,67.2,-1.0,-1.0,,-1,0,90,sign,?,broken,?,broken,,,,silent,15
390,19.5,67.6,-1.0,-1.0,,-1,0,90,sign,?,broken,?,broken,,,,silent,17
391,19.55,68.0,-1.0,-1.0,,-1,0,90,sign,?,broken,?,broken,,,,silent,17
392,19.6,68.5,-1.0,-1.0,,-1,0,90,sign,?,broken,?,broken,,,,silent,18
393,19.65,68.9,-1.0,-1.0,,-1,0,90,sign,?,broken,?,broken,,,,silent,17
394,19.7,69.3,-1.0,-1.0,,-1,0,90,sign,?,broken,?,broken,,,,silent,17
395,19.75,69.8,-1.0,-1.0,,-1,0,90,sign,?,broken,?,broken,,,,silent,14
396,19.8,70.2,-1.0,-1.0,,-1,0,90,sign,?,broken,?,broken,,,,silent,12
397,19.85,70.6,-1.0,-1.0,,-1,0,90,sign,?,broken,?,broken,,,,silent,17
398,19.9,71.0,-1.0,-1.0,,-1,0,60,sign,?,broken,?,broken,,,,silent,16
399,19.95,71.4,-1.0,-1.0,,-1,0,60,sign,?,broken,?,broken,,,,silent,14
400,20.0,71.8,-1.0,-1.0,,-1,0,60,sign,?,broken,?,broken,,,,silent,18
401,20.05,72.2,-1.0,-1.0,,-1,0,60,sign,?,broken,?,broken,,,,silent,15
402,20.1,72.6,-1.0,-1.0,,-1,0,60,sign,?,broken,?,broken,,,,silent,18
403,20.15,73.0,-1.0,-1.0,,-1,0,60,sign,?,broken,?,broken,,,,silent,17
404,20.2,73.3,-1.0,-1.0,,-1,0,60,sign,?,broken,?,broken,,,,silent,16
405,20.25,73.4,-1.0,-1.0,,-1,0,60,sign,?,broken,?,broken,,,,silent,13
406,20.3,73.8,-1.0,-1.0,,-1,0,60,sign,?,broken,?,broken,,,,silent,19
407,20.35,74.2,-1.0,-1.0,,-1,0,60,sign,?,broken,?,broken,,,,silent,14
408,20.4,74.6,-1.0,-1.0,,-1,0,60,sign,?,broken,?,broken,,,,silent,17
409,20.45,75.0,-1.0,-1.0,,-1,0,60,sign,?,broken,?,broken,,,,silent,14
410,20.5,75.3,-1.0,-1.0,,-1,0,60,sign,?,broken,?,broken,,,,silent,19
411,20.55,75.7,-1.0,-1.0,,-1,0,60,sign,?,broken,?,broken,,,,silent,14
412,20.6,76.1,-1.0,-1.0,,-1,0,60,sign,?,broken,?,broken,,,,silent,17
413,20.65,76.5,-1.0,-1.0,,-1,0,60,sign,?,broken,?,broken,,,,silent,14
414,20.7,76.8,-1.0,-1.0,,-1,0,60,sign,?,broken,?,broken,,,,silent,17
415,20.75,77.2,-1.0,-1.0,,-1,0,60,sign,?,broken,?,broken,,,,silent,12
416,20.8,77.6,-1.0,-1.0,,-1,0,60,sign,?,broken,?,broken,,,,silent,15
417,20.85,77.9,-1.0,-1.0,,-1,0,60,sign,?,broken,?,broken,,,,silent,15
418,20.9,77.8,-1.0,-1.0,,-1,0,60,sign,?,broken,?,broken,,,,silent,16
419,20.95,77.3,-1.0,-1.0,,-1,0,60,sign,?,broken,?,broken,,,,silent,18
420,21.0,76.4,-1.0,-1.0,,-1,0,60,sign,?,broken,?,solid,,,,silent,18
421,21.05,75.2,-1.0,-1.0,,-1,0,60,sign,?,broken,?,solid,,,,silent,16
422,21.1,73.8,-1.0,-1.0,,-1,0,90,sign,?,broken,?,solid,,,,silent,17
423,21.15,72.0,-1.0,-1.0,,-1,0,90,sign,?,broken,?,solid,,,,silent,18
424,21.2,70.0,-1.0,-1.0,,-1,0,90,sign,?,broken,?,solid,,,,silent,18
425,21.25,67.7,-1.0,-1.0,,-1,0,90,sign,?,broken,?,solid,,,,silent,14
426,21.3,65.5,-1.0,-1.0,,-1,0,90,sign,?,broken,?,solid,,,,silent,14
427,21.35,63.2,-1.0,-1.0,,-1,0,90,sign,?,broken,?,solid,,,,silent,17
428,21.4,60.8,-1.0,-1.0,,-1,0,90,sign,?,broken,?,solid,,,,silent,17
429,21.45,58.8,-1.0,-1.0,,-1,0,90,sign,?,broken,?,solid,,,,silent,19
430,21.5,57.1,-1.0,-1.0,,-1,0,90,sign,?,broken,?,solid,,,,silent,18
431,21.55,55.4,-1.0,-1.0,,-1,0,90,sign,?,solid,?,none,,,,silent,15
432,21.6,53.5,-1.0,-1.0,,-1,0,90,sign,?,solid,?,none,,,,silent,13
433,21.65,51.6,-1.0,-1.0,,-1,0,90,sign,?,solid,?,none,,,,silent,16
434,21.7,50.0,-1.0,-1.0,,-1,0,90,sign,?,solid,?,none,,,,silent,13
435,21.75,48.6,-1.0,-1.0,,-1,0,90,sign,?,solid,?,none,,,,silent,15
436,21.8,47.2,-1.0,-1.0,,-1,0,90,sign,?,solid,?,none,,,,silent,17
437,21.85,45.8,-1.0,-1.0,,-1,0,90,sign,?,solid,?,none,,,,silent,16
438,21.9,44.5,-1.0,-1.0,,-1,0,90,sign,?,solid,?,none,,,,silent,16
439,21.95,43.1,-1.0,-1.0,,-1,0,90,sign,?,solid,?,none,,,,silent,16
440,22.0,41.8,-1.0,-1.0,,-1,0,90,sign,?,solid,?,none,,,,silent,15
441,22.05,40.6,-1.0,-1.0,,-1,0,90,sign,?,solid,?,solid,,,,silent,14
442,22.1,39.6,-1.0,-1.0,,-1,0,90,sign,?,solid,?,solid,,,,silent,14
443,22.15,38.9,-1.0,-1.0,,-1,0,90,sign,?,solid,?,solid,,,,silent,16
444,22.2,38.6,-1.0,-1.0,,-1,0,90,sign,?,solid,?,solid,,,,silent,18
445,22.25,38.5,-1.0,-1.0,,-1,0,90,sign,?,solid,?,solid,,,,silent,15
446,22.3,39.0,-1.0,-1.0,,-1,0,90,sign,?,solid,?,solid,,,,silent,18
447,22.35,39.5,-1.0,-1.0,,-1,0,90,sign,?,solid,?,solid,,,,silent,15
448,22.4,40.1,-1.0,-1.0,,-1,0,90,sign,?,solid,?,solid,,,,silent,17
449,22.45,40.7,-1.0,-1.0,,-1,0,90,sign,?,solid,?,solid,,,,silent,17
450,22.5,41.3,-1.0,-1.0,,-1,0,90,sign,?,solid,?,solid,,,,silent,19
451,22.55,41.8,-1.0,-1.0,,-1,0,90,sign,?,solid,?,solid,,,,silent,17
452,22.6,42.2,-1.0,-1.0,,-1,0,90,sign,?,solid,?,solid,,,,silent,17
453,22.65,42.3,-1.0,-1.0,,-1,0,90,sign,?,broken,?,solid,,,,silent,19
454,22.7,42.9,-1.0,-1.0,,-1,0,90,sign,?,broken,?,solid,,,,silent,17
455,22.75,43.5,-1.0,-1.0,,-1,0,90,sign,?,broken,?,solid,,,,silent,17
456,22.8,44.2,-1.0,-1.0,,-1,0,90,sign,?,broken,?,solid,,,,silent,14
457,22.85,44.8,-1.0,-1.0,,-1,0,90,sign,?,broken,?,solid,,,,silent,16
458,22.9,45.4,-1.0,-1.0,,-1,0,90,sign,?,broken,?,solid,,,,silent,18
459,22.95,46.0,-1.0,-1.0,,-1,0,90,sign,?,broken,?,solid,,,,silent,16
460,23.0,46.5,-1.0,-1.0,,-1,0,90,sign,?,broken,?,solid,,,,silent,16
461,23.05,46.9,-1.0,-1.0,,-1,0,90,sign,?,broken,?,solid,,,,silent,17
462,23.1,47.4,-1.0,-1.0,,-1,0,90,sign,?,broken,?,solid,,,,silent,19
463,23.15,48.0,-1.0,-1.0,,-1,0,90,sign,?,broken,?,solid,,,,silent,13
464,23.2,48.6,-1.0,-1.0,,-1,0,90,sign,?,broken,?,solid,,,,silent,15
465,23.25,49.2,-1.0,-1.0,,-1,0,90,sign,?,broken,?,solid,,,,silent,15
466,23.3,49.8,-1.0,-1.0,,-1,0,90,sign,?,broken,?,solid,,,,silent,16
467,23.35,50.3,-1.0,-1.0,,-1,0,90,sign,?,broken,?,solid,,,,silent,18
468,23.4,50.9,-1.0,-1.0,,-1,0,90,sign,?,broken,?,solid,,,,silent,13
469,23.45,51.5,-1.0,-1.0,,-1,0,90,sign,?,broken,?,solid,,,,silent,14
470,23.5,52.0,-1.0,-1.0,,-1,0,90,sign,?,broken,?,solid,,,,silent,17
471,23.55,52.6,-1.0,-1.0,,-1,0,90,sign,?,broken,?,solid,,,,silent,17
472,23.6,53.1,-1.0,-1.0,,-1,0,90,sign,?,broken,?,solid,,,,silent,15
473,23.65,53.6,-1.0,-1.0,,-1,0,90,sign,?,broken,?,solid,,,,silent,18
474,23.7,54.2,-1.0,-1.0,,-1,0,90,sign,?,broken,?,solid,,,,silent,18
475,23.75,54.7,-1.0,-1.0,,-1,0,90,sign,?,broken,?,solid,,,,silent,15
476,23.8,55.2,-1.0,-1.0,,-1,0,90,sign,?,broken,?,solid,,,,silent,18
477,23.85,55.8,-1.0,-1.0,,-1,0,90,sign,?,broken,?,solid,,,,silent,14
478,23.9,56.3,-1.0,-1.0,,-1,0,90,sign,?,broken,?,solid,,,,silent,14
479,23.95,56.8,-1.0,-1.0,,-1,0,90,sign,?,broken,?,solid,,,,silent,20
480,24.0,57.2,-1.0,-1.0,,-1,0,90,sign,?,broken,?,solid,,,,silent,18
481,24.05,57.4,-1.0,-1.0,,-1,0,90,sign,?,broken,?,solid,,,,silent,15
482,24.1,57.9,-1.0,-1.0,,-1,0,90,sign,?,broken,?,solid,,,,silent,16
483,24.15,58.4,-1.0,-1.0,,-1,0,90,sign,?,broken,?,solid,,,,silent,17
484,24.2,59.0,-1.0,-1.0,,-1,0,90,sign,?,broken,?,solid,,,,silent,18
485,24.25,59.5,-1.0,-1.0,,-1,0,90,sign,?,broken,?,solid,,,,silent,17
486,24.3,59.9,-1.0,-1.0,,-1,0,90,sign,?,broken,?,solid,,,,silent,18
487,24.35,60.1,-1.0,-1.0,,-1,0,90,sign,?,broken,?,solid,,,,silent,18
488,24.4,60.6,-1.0,-1.0,,-1,0,90,sign,?,broken,?,solid,,,,silent,17
489,24.45,61.1,-1.0,-1.0,,-1,0,90,sign,?,broken,?,solid,,,,silent,13
490,24.5,61.6,-1.0,-1.0,,-1,0,90,sign,?,broken,?,solid,,,,silent,15
491,24.55,62.1,-1.0,-1.0,,-1,0,90,sign,?,broken,?,solid,,,,silent,13
492,24.6,62.5,-1.0,-1.0,,-1,0,90,sign,?,broken,?,solid,,,,silent,18
493,24.65,63.0,-1.0,-1.0,,-1,0,90,sign,?,broken,?,solid,,,,silent,13
494,24.7,63.5,-1.0,-1.0,,-1,0,90,sign,?,broken,?,solid,,,,silent,18
495,24.75,64.0,-1.0,-1.0,,-1,0,90,sign,?,broken,?,solid,,,,silent,15
496,24.8,64.4,-1.0,-1.0,,-1,0,90,sign,?,broken,?,solid,,,,silent,17
497,24.85,64.9,-1.0,-1.0,,-1,0,90,sign,?,broken,?,solid,,,,silent,14
498,24.9,65.3,-1.0,-1.0,,-1,0,90,sign,?,broken,?,solid,,,,silent,15
499,24.95,65.8,-1.0,-1.0,,-1,0,90,sign,?,broken,?,solid,,,,silent,20
500,25.0,66.2,-1.0,-1.0,,-1,0,90,sign,?,broken,?,solid,,,,silent,19
501,25.05,66.7,-1.0,-1.0,,-1,0,90,sign,?,broken,?,solid,,,,silent,19
502,25.1,67.1,-1.0,-1.0,,-1,0,90,sign,?,broken,?,solid,,,,silent,17
503,25.15,67.6,-1.0,-1.0,,-1,0,90,sign,?,broken,?,solid,,,,silent,17
504,25.2,67.9,-1.0,-1.0,,-1,0,90,sign,?,broken,?,solid,,,,silent,18
505,25.25,68.0,-1.0,-1.0,,-1,0,90,sign,?,broken,?,solid,,,,silent,17
506,25.3,68.4,-1.0,-1.0,,-1,0,90,sign,?,broken,?,solid,,,,silent,13
507,25.35,68.9,-1.0,-1.0,,-1,0,90,sign,?,broken,?,solid,,,,silent,16
508,25.4,69.3,-1.0,-1.0,,-1,0,90,sign,?,broken,?,solid,,,,silent,17
509,25.45,69.7,-1.0,-1.0,,-1,0,90,sign,?,broken,?,solid,,,,silent,17
510,25.5,70.2,-1.0,-1.0,,-1,0,90,sign,?,broken,?,solid,,,,silent,16
511,25.55,70.6,-1.0,-1.0,,-1,0,90,sign,?,broken,?,solid,,,,silent,16
512,25.6,71.0,-1.0,-1.0,,-1,0,90,sign,?,broken,?,solid,,,,silent,16
513,25.65,71.4,-1.0,-1.0,,-1,0,90,sign,?,broken,?,solid,,,,silent,18
514,25.7,71.8,-1.0,-1.0,,-1,0,90,sign,?,broken,?,solid,,,,silent,18
515,25.75,72.2,-1.0,-1.0,,-1,0,90,sign,?,broken,?,solid,,,,silent,13
516,25.8,72.5,-1.0,-1.0,,-1,0,90,sign,?,broken,?,solid,,,,silent,16
517,25.85,72.9,-1.0,-1.0,,-1,0,90,sign,?,broken,?,solid,,,,silent,17
518,25.9,73.3,-1.0,-1.0,,-1,0,90,sign,?,broken,?,solid,,,,silent,19
519,25.95,73.7,-1.0,-1.0,,-1,0,90,sign,?,broken,?,solid,,,,silent,15
520,26.0,74.1,-1.0,-1.0,,-1,0,90,sign,?,broken,?,solid,,,,silent,15
521,26.05,74.5,-1.0,-1.0,,-1,0,90,sign,?,broken,?,solid,,,,silent,15
522,26.1,74.9,-1.0,-1.0,,-1,0,90,sign,?,broken,?,solid,,,,silent,16
523,26.15,75.3,-1.0,-1.0,,-1,0,90,sign,?,broken,?,solid,,,,silent,16
524,26.2,75.7,-1.0,-1.0,,-1,0,90,sign,?,broken,?,solid,,,,silent,18
525,26.25,76.1,-1.0,-1.0,,-1,0,90,sign,?,broken,?,solid,,,,silent,18
526,26.3,76.3,-1.0,-1.0,,-1,0,90,sign,?,broken,?,solid,,,,silent,18
527,26.35,76.7,-1.0,-1.0,,-1,0,90,sign,?,broken,?,solid,,,,silent,18
528,26.4,77.1,-1.0,-1.0,,-1,0,90,sign,?,broken,?,solid,,,,silent,17
529,26.45,77.5,-1.0,-1.0,,-1,0,90,sign,?,broken,?,solid,,,,silent,14
530,26.5,77.7,-1.0,-1.0,,-1,0,90,sign,?,broken,?,solid,,,,silent,17
531,26.55,77.8,-1.0,-1.0,,-1,0,90,sign,?,broken,?,solid,,,,silent,13
532,26.6,78.1,-1.0,-1.0,,-1,0,90,sign,?,broken,?,solid,,,,silent,17
533,26.65,78.4,-1.0,-1.0,,-1,0,90,sign,?,broken,?,solid,,,,silent,16
534,26.7,78.8,-1.0,-1.0,,-1,0,90,sign,?,broken,?,solid,,,,silent,17
535,26.75,79.1,-1.0,-1.0,,-1,0,90,sign,?,broken,?,solid,,,,silent,16
536,26.8,79.5,-1.0,-1.0,,-1,0,90,sign,?,broken,?,solid,,,,silent,19
537,26.85,79.8,-1.0,-1.0,,-1,0,90,sign,?,broken,?,solid,,,,silent,18
538,26.9,80.2,-1.0,-1.0,,-1,0,90,sign,?,broken,?,solid,,,,silent,18
539,26.95,80.5,-1.0,-1.0,,-1,0,90,sign,?,broken,?,solid,,,,silent,15
540,27.0,80.8,-1.0,-1.0,,-1,0,90,sign,?,broken,?,solid,,,,silent,13
541,27.05,81.2,-1.0,-1.0,,-1,0,90,sign,?,broken,?,solid,,,,silent,15
542,27.1,81.5,-1.0,-1.0,,-1,0,90,sign,?,broken,?,solid,,,,silent,18
543,27.15,81.8,-1.0,-1.0,,-1,0,90,sign,?,broken,?,solid,,,,silent,13
544,27.2,82.2,-1.0,-1.0,,-1,0,90,sign,?,broken,?,solid,,,,silent,21
545,27.25,82.5,-1.0,-1.0,,-1,0,90,sign,?,broken,?,solid,,,,silent,18
546,27.3,82.8,-1.0,-1.0,,-1,0,90,sign,?,broken,?,solid,,,,silent,15
547,27.35,83.1,-1.0,-1.0,,-1,0,90,sign,?,broken,?,solid,,,,silent,14
548,27.4,83.1,-1.0,-1.0,,-1,0,90,sign,?,broken,?,solid,,,,silent,19
549,27.45,83.4,-1.0,-1.0,,-1,0,90,sign,?,broken,?,solid,,,,silent,14
550,27.5,83.7,-1.0,-1.0,,-1,0,90,sign,?,broken,?,solid,,,,silent,17
551,27.55,84.0,-1.0,-1.0,,-1,0,90,sign,?,broken,?,solid,,,,silent,16
552,27.6,84.3,-1.0,-1.0,,-1,0,90,sign,?,broken,?,solid,,,,silent,18
553,27.65,84.6,-1.0,-1.0,,-1,0,90,sign,?,broken,?,solid,,,,silent,18
554,27.7,84.9,-1.0,-1.0,,-1,0,90,sign,?,broken,?,solid,,,,silent,13
555,27.75,85.2,-1.0,-1.0,,-1,0,90,sign,?,broken,?,solid,,,,silent,17
556,27.8,85.5,-1.0,-1.0,,-1,0,90,sign,?,broken,?,solid,,,,silent,18
557,27.85,85.8,-1.0,-1.0,,-1,0,90,sign,?,broken,?,solid,,,,silent,18
558,27.9,86.1,-1.0,-1.0,,-1,0,90,sign,?,broken,?,solid,,,,silent,17
559,27.95,86.4,-1.0,-1.0,,-1,0,90,sign,?,broken,?,solid,,,,silent,18
560,28.0,86.7,-1.0,-1.0,,-1,0,90,sign,?,broken,?,solid,,,,silent,17
561,28.05,87.0,-1.0,-1.0,,-1,0,90,sign,?,broken,?,solid,,,,silent,16
562,28.1,87.3,-1.0,-1.0,,-1,0,90,sign,?,broken,?,solid,,,,silent,14
563,28.15,87.6,-1.0,-1.0,,-1,0,90,sign,?,broken,?,solid,,,,silent,13
564,28.2,87.9,-1.0,-1.0,,-1,0,90,sign,?,broken,?,solid,,,,silent,14
565,28.25,88.2,-1.0,-1.0,,-1,0,90,sign,?,broken,?,solid,,,,silent,14
566,28.3,88.5,-1.0,-1.0,,-1,0,90,sign,?,broken,?,solid,,,,silent,17
567,28.35,88.8,-1.0,-1.0,,-1,0,90,sign,?,broken,?,solid,,,,silent,16
568,28.4,89.1,-1.0,-1.0,,-1,0,90,sign,?,broken,?,solid,,,,silent,15
569,28.45,89.4,-1.0,-1.0,,-1,0,90,sign,?,broken,?,solid,,,,silent,19
570,28.5,89.6,-1.0,-1.0,,-1,0,90,sign,?,broken,?,solid,,,,silent,17
571,28.55,89.9,-1.0,-1.0,,-1,0,90,sign,?,broken,?,solid,,,,silent,18
572,28.6,90.2,-1.0,-1.0,,-1,0,90,sign,?,broken,?,solid,,,,silent,13
573,28.65,90.5,-1.0,-1.0,,-1,0,90,sign,?,broken,?,solid,,,,silent,12
574,28.7,90.7,-1.0,-1.0,,-1,0,90,sign,?,broken,?,solid,,,,silent,19
575,28.75,91.0,-1.0,-1.0,,-1,0,90,sign,?,broken,?,solid,,,,silent,18
576,28.8,91.3,-1.0,-1.0,,-1,0,90,sign,?,broken,?,solid,,,,silent,14
577,28.85,91.5,-1.0,-1.0,,-1,0,90,sign,?,broken,?,solid,,,,silent,17
578,28.9,91.8,-1.0,-1.0,,-1,0,90,sign,?,broken,?,solid,,,,silent,12
579,28.95,92.1,-1.0,-1.0,,-1,0,90,sign,?,broken,?,solid,,,,silent,14
580,29.0,92.3,-1.0,-1.0,,-1,0,90,sign,?,broken,?,solid,,,,silent,16
581,29.05,92.6,-1.0,-1.0,,-1,0,90,sign,?,broken,?,solid,,,,silent,18
582,29.1,92.8,-1.0,-1.0,,-1,0,90,sign,?,broken,?,solid,,,,silent,15
583,29.15,93.1,-1.0,-1.0,,-1,0,90,sign,?,broken,?,solid,,,,silent,18
584,29.2,93.3,-1.0,-1.0,,-1,0,90,sign,?,broken,?,solid,,,,silent,14
585,29.25,93.6,-1.0,-1.0,,-1,0,90,sign,?,broken,?,solid,,,,silent,17
586,29.3,93.8,-1.0,-1.0,,-1,0,90,sign,?,broken,?,solid,,,,silent,19
587,29.35,94.0,-1.0,-1.0,,-1,1,90,sign,?,broken,?,solid,,,,silent,20
588,29.4,94.2,-1.0,-1.0,,-1,1,90,sign,?,broken,?,solid,,,,silent,15
589,29.45,94.5,-1.0,-1.0,,-1,1,90,sign,?,broken,?,solid,,,,silent,12
590,29.5,94.7,-1.0,-1.0,,-1,1,90,sign,?,broken,?,solid,,,,silent,18
591,29.55,94.9,-1.0,-1.0,,-1,1,90,sign,?,broken,?,solid,,,,silent,19
592,29.6,95.0,-1.0,-1.0,,-1,1,90,sign,?,broken,?,solid,,,,silent,14
593,29.65,94.8,-1.0,-1.0,,-1,1,90,sign,?,broken,?,solid,,,,silent,18
594,29.7,94.2,-1.0,-1.0,,-1,0,90,sign,?,broken,?,solid,,,,silent,16
595,29.75,93.2,-1.0,-1.0,,-1,2,90,sign,?,broken,?,solid,,,,silent,17
596,29.8,92.0,-1.0,-1.0,,-1,2,90,sign,?,broken,?,solid,,,,silent,12
597,29.85,90.7,-1.0,-1.0,,-1,2,90,sign,?,broken,?,solid,,,,silent,18
598,29.9,89.3,-1.0,-1.0,,-1,4,90,sign,?,broken,?,solid,,,,silent,18
599,29.95,87.8,-1.0,-1.0,,-1,4,90,sign,?,broken,?,solid,,,,silent,18
600,30.0,86.4,-1.0,-1.0,,-1,4,90,sign,?,broken,?,solid,,,,silent,16
601,30.05,85.0,-1.0,-1.0,,-1,4,90,sign,?,broken,?,solid,,,,silent,15
602,30.1,84.0,-1.0,-1.0,,-1,2,90,sign,?,broken,?,solid,,,,silent,12
603,30.15,83.1,-1.0,-1.0,,-1,4,90,sign,?,broken,?,solid,,,,silent,21
604,30.2,82.6,-1.0,-1.0,,-1,4,90,sign,?,broken,?,solid,,,,silent,16
605,30.25,82.5,-1.0,-1.0,,-1,2,90,sign,?,broken,?,solid,,,,silent,16
606,30.3,82.4,-1.0,-1.0,,-1,2,90,sign,?,broken,?,solid,,,,silent,16
607,30.35,82.4,-1.0,-1.0,,-1,2,90,sign,?,broken,?,solid,,,,silent,18
608,30.4,82.5,-1.0,-1.0,,-1,2,90,sign,?,broken,?,solid,,,,silent,19
609,30.45,82.4,-1.0,-1.0,,-1,2,90,sign,?,broken,?,solid,,,,silent,18
610,30.5,82.6,-1.0,-1.0,,-1,0,90,sign,?,broken,?,solid,,,,silent,15
611,30.55,82.9,-1.0,-1.0,,-1,0,90,sign,?,broken,?,solid,,,,silent,19
612,30.6,83.2,-1.0,-1.0,,-1,0,90,sign,?,broken,?,solid,,,,silent,14
613,30.65,83.4,-1.0,-1.0,,-1,0,90,sign,?,broken,?,solid,,,,silent,16
614,30.7,83.7,-1.0,-1.0,,-1,0,90,sign,?,broken,?,solid,,,,silent,14
615,30.75,84.0,-1.0,-1.0,,-1,0,90,sign,?,broken,?,solid,,,,silent,18
616,30.8,84.3,-1.0,-1.0,,-1,0,90,sign,?,broken,?,solid,,,,silent,17
617,30.85,84.6,-1.0,-1.0,,-1,0,90,sign,?,broken,?,solid,,,,silent,16
618,30.9,84.9,-1.0,-1.0,,-1,0,90,sign,?,broken,?,solid,,,,silent,17
619,30.95,85.2,-1.0,-1.0,,-1,0,90,sign,?,broken,?,solid,,,,silent,13
620,31.0,85.5,-1.0,-1.0,,-1,0,90,sign,?,broken,?,solid,,,,silent,14
621,31.05,85.8,-1.0,-1.0,,-1,0,90,sign,?,broken,?,solid,,,,silent,16
622,31.1,86.1,-1.0,-1.0,,-1,0,90,sign,?,broken,?,solid,,,,silent,18
623,31.15,86.4,-1.0,-1.0,,-1,0,90,sign,?,broken,?,solid,,,,silent,15
624,31.2,86.7,-1.0,-1.0,,-1,0,90,sign,?,broken,?,solid,,,,silent,18
625,31.25,87.0,-1.0,-1.0,,-1,0,90,sign,?,broken,?,solid,,,,silent,14
626,31.3,87.3,-1.0,-1.0,,-1,0,90,sign,?,broken,?,solid,,,,silent,17
627,31.35,87.6,-1.0,-1.0,,-1,0,90,sign,?,broken,?,solid,,,,silent,18
628,31.4,87.8,-1.0,-1.0,,-1,0,90,sign,?,broken,?,none,,,,silent,17
629,31.45,88.1,-1.0,-1.0,,-1,0,90,sign,?,broken,?,none,,,,silent,16
630,31.5,88.4,-1.0,-1.0,,-1,0,90,sign,?,broken,?,none,,,,silent,15
631,31.55,88.7,-1.0,-1.0,,-1,0,90,sign,?,broken,?,none,,,,silent,16
632,31.6,89.0,-1.0,-1.0,,-1,0,90,sign,?,broken,?,none,,,,silent,21
633,31.65,89.3,-1.0,-1.0,,-1,0,90,sign,?,broken,?,none,,,,silent,21
634,31.7,89.6,-1.0,-1.0,,-1,0,90,sign,?,broken,?,none,,,,silent,16
635,31.75,89.8,-1.0,-1.0,,-1,0,90,sign,?,broken,?,solid,,,,silent,17
636,31.8,90.0,-1.0,-1.0,,-1,0,90,sign,?,broken,?,solid,,,,silent,17
637,31.85,90.0,-1.0,-1.0,,-1,0,90,sign,?,broken,?,solid,,,,silent,18
638,31.9,90.2,-1.0,-1.0,,-1,0,90,sign,?,broken,?,solid,,,,silent,19
639,31.95,90.5,-1.0,-1.0,,-1,0,90,sign,?,broken,?,solid,,,,silent,16
640,32.0,90.7,-1.0,-1.0,,-1,0,90,sign,?,broken,?,solid,,,,silent,16
641,32.05,91.0,-1.0,-1.0,,-1,0,90,sign,?,broken,?,solid,,,,silent,16
642,32.1,91.2,-1.0,-1.0,,-1,0,90,sign,?,broken,?,none,,,,silent,19
643,32.15,91.5,-1.0,-1.0,,-1,0,90,sign,?,broken,?,none,,,,silent,15
644,32.2,91.7,-1.0,-1.0,,-1,0,90,sign,?,broken,?,solid,,,,silent,19
645,32.25,92.0,-1.0,-1.0,,-1,0,90,sign,?,broken,?,solid,,,,silent,19
646,32.3,92.2,-1.0,-1.0,,-1,0,90,sign,?,broken,?,solid,,,,silent,17
647,32.35,92.5,-1.0,-1.0,,-1,0,90,sign,?,broken,?,solid,,,,silent,19
648,32.4,92.8,-1.0,-1.0,,-1,0,90,sign,?,broken,?,solid,,,,silent,17
649,32.45,93.0,-1.0,-1.0,,-1,0,90,sign,?,broken,?,solid,,,,silent,18
650,32.5,93.3,-1.0,-1.0,,-1,0,90,sign,?,broken,?,solid,,,,silent,18
651,32.55,93.5,-1.0,-1.0,,-1,0,90,sign,?,broken,?,solid,,,,silent,18
652,32.6,93.7,-1.0,-1.0,,-1,0,90,sign,?,broken,?,solid,,,,silent,18
653,32.65,93.9,-1.0,-1.0,,-1,0,90,sign,?,broken,?,solid,,,,silent,13
654,32.7,94.2,-1.0,-1.0,,-1,0,90,sign,?,broken,?,solid,,,,silent,17
655,32.75,94.4,-1.0,-1.0,,-1,0,90,sign,?,broken,?,solid,,,,silent,19
656,32.8,94.7,-1.0,-1.0,,-1,1,90,sign,?,broken,?,solid,,,,silent,18
657,32.85,94.9,-1.0,-1.0,,-1,1,90,sign,?,broken,?,solid,,,,silent,18
658,32.9,95.2,-1.0,-1.0,,-1,1,90,sign,?,broken,?,solid,,,,silent,18
659,32.95,95.4,-1.0,-1.0,,-1,1,90,sign,?,broken,?,solid,,,,silent,17
660,33.0,95.6,-1.0,-1.0,,-1,1,90,sign,?,broken,?,solid,,,,silent,14
661,33.05,95.9,-1.0,-1.0,,-1,1,90,sign,?,broken,?,broken,,,,silent,16
662,33.1,96.1,-1.0,-1.0,,-1,1,90,sign,?,broken,?,broken,,,,silent,19
663,33.15,96.3,-1.0,-1.0,,-1,1,90,sign,?,broken,?,broken,,,,silent,16
664,33.2,96.6,-1.0,-1.0,,-1,1,90,sign,?,broken,?,broken,,,,silent,17
665,33.25,96.8,-1.0,-1.0,,-1,1,90,sign,?,broken,?,broken,,,,silent,19
666,33.3,96.9,-1.0,-1.0,,-1,1,90,sign,?,broken,?,broken,,,,silent,16
667,33.35,97.2,-1.0,-1.0,,-1,1,90,sign,?,broken,?,broken,,,,silent,19
668,33.4,97.4,-1.0,-1.0,,-1,1,90,sign,?,broken,?,broken,,,,silent,18
669,33.45,97.6,-1.0,-1.0,,-1,0,90,sign,?,broken,?,broken,,,,silent,16
670,33.5,97.8,-1.0,-1.0,,-1,0,90,sign,?,broken,?,broken,,,,silent,16
671,33.55,98.0,-1.0,-1.0,,-1,0,90,sign,?,broken,?,broken,,,,silent,18
672,33.6,98.3,-1.0,-1.0,,-1,0,90,sign,?,broken,?,broken,,,,silent,16
673,33.65,98.4,-1.0,-1.0,,-1,0,90,sign,?,broken,?,broken,,,,silent,19
674,33.7,98.6,-1.0,-1.0,,-1,0,90,sign,?,broken,?,broken,,,,silent,18
675,33.75,98.8,-1.0,-1.0,,-1,0,90,sign,?,broken,?,broken,,,,silent,14
676,33.8,99.0,-1.0,-1.0,,-1,0,90,sign,?,broken,?,broken,,,,silent,17
677,33.85,99.2,-1.0,-1.0,,-1,0,90,sign,?,broken,?,broken,,,,silent,17
678,33.9,99.4,-1.0,-1.0,,-1,0,90,sign,?,broken,?,broken,,,,silent,15
679,33.95,99.6,-1.0,-1.0,,-1,0,90,sign,?,broken,?,broken,,,,silent,14
680,34.0,99.8,-1.0,-1.0,,-1,0,90,sign,?,broken,?,broken,,,,silent,16
681,34.05,100.0,-1.0,-1.0,,-1,0,90,sign,?,broken,?,broken,,,,silent,18
682,34.1,100.2,-1.0,-1.0,,-1,0,90,sign,?,broken,?,broken,,,,silent,17
683,34.15,100.4,-1.0,-1.0,,-1,0,90,sign,?,broken,?,broken,,,,silent,19
684,34.2,100.6,-1.0,-1.0,,-1,0,90,sign,?,broken,?,broken,,,,silent,14
685,34.25,100.8,-1.0,-1.0,,-1,0,90,sign,?,broken,?,broken,,,,silent,17
686,34.3,101.0,-1.0,-1.0,,-1,0,90,sign,?,broken,?,broken,,,,silent,18
687,34.35,101.2,-1.0,-1.0,,-1,0,90,sign,?,broken,?,broken,,,,silent,15
688,34.4,101.4,-1.0,-1.0,,-1,0,90,sign,?,broken,?,broken,,,,silent,16
689,34.45,101.6,-1.0,-1.0,,-1,0,90,sign,?,broken,?,broken,,,,silent,16
690,34.5,101.8,-1.0,-1.0,,-1,0,90,sign,?,broken,?,broken,,,,silent,14
691,34.55,102.0,-1.0,-1.0,,-1,0,90,sign,?,broken,?,broken,,,,silent,16
692,34.6,102.2,-1.0,-1.0,,-1,0,90,sign,?,broken,?,broken,,,,silent,18
693,34.65,102.4,-1.0,-1.0,,-1,0,90,sign,?,broken,?,broken,,,,silent,17
694,34.7,102.6,-1.0,-1.0,,-1,0,90,sign,?,broken,?,broken,,,,silent,14
695,34.75,102.7,-1.0,-1.0,,-1,0,90,sign,?,broken,?,broken,,,,silent,18
696,34.8,102.9,-1.0,-1.0,,-1,0,90,sign,?,broken,?,broken,,,,silent,17
697,34.85,103.1,-1.0,-1.0,,-1,0,90,sign,?,broken,?,broken,,,,silent,13
698,34.9,103.2,-1.0,-1.0,,-1,0,90,sign,?,broken,?,broken,,,,silent,13
699,34.95,102.9,-1.0,-1.0,,-1,0,90,sign,?,broken,?,broken,,,,silent,16
700,35.0,102.2,-1.0,-1.0,,-1,0,90,sign,?,broken,?,broken,,,SPEED_LIMIT,ego=28.4 limit=25.0,14
701,35.05,101.2,-1.0,-1.0,,-1,0,90,sign,?,broken,?,broken,,,,silent,16
702,35.1,99.9,-1.0,-1.0,,-1,0,90,sign,?,broken,?,broken,,,,silent,14
703,35.15,98.6,-1.0,-1.0,,-1,0,90,sign,?,broken,?,broken,,,,silent,15
704,35.2,97.1,-1.0,-1.0,,-1,0,90,sign,?,broken,?,broken,,,,silent,17
705,35.25,95.5,-1.0,-1.0,,-1,0,90,sign,?,broken,?,broken,,,,silent,19
706,35.3,93.9,-1.0,-1.0,,-1,0,90,sign,?,broken,?,broken,,,,silent,15
707,35.35,92.3,-1.0,-1.0,,-1,0,90,sign,?,broken,?,broken,,,,silent,18
708,35.4,90.7,-1.0,-1.0,,-1,0,60,sign,?,broken,?,broken,,,,silent,13
709,35.45,89.2,-1.0,-1.0,,-1,0,60,sign,?,broken,?,broken,,,,silent,15
710,35.5,88.1,-1.0,-1.0,,-1,1,60,sign,?,broken,?,broken,,,,silent,20
711,35.55,87.3,-1.0,-1.0,,-1,1,60,sign,?,broken,?,broken,,,,silent,18
712,35.6,86.8,-1.0,-1.0,,-1,1,60,sign,?,broken,?,broken,,,,silent,17
713,35.65,86.6,-1.0,-1.0,,-1,1,60,sign,?,broken,?,broken,,,,silent,14
714,35.7,86.4,-1.0,-1.0,,-1,1,60,sign,?,broken,?,broken,,,,silent,18
715,35.75,86.4,-1.0,-1.0,,-1,1,60,sign,?,broken,?,broken,,,,silent,16
716,35.8,86.4,-1.0,-1.0,,-1,1,60,sign,?,broken,?,broken,,,,silent,17
717,35.85,86.1,-1.0,-1.0,,-1,0,60,sign,?,broken,?,broken,,,,silent,16
718,35.9,85.4,-1.0,-1.0,,-1,0,60,sign,?,broken,?,broken,,,,silent,14
719,35.95,84.5,-1.0,-1.0,,-1,0,60,sign,?,broken,?,broken,,,,silent,16
720,36.0,83.3,-1.0,-1.0,,-1,0,60,sign,?,broken,?,broken,,,,silent,16
721,36.05,82.1,-1.0,-1.0,,-1,0,60,sign,?,broken,?,broken,,,,silent,19
722,36.1,80.8,-1.0,-1.0,,-1,0,60,sign,?,broken,?,broken,,,,silent,15
723,36.15,79.4,-1.0,-1.0,,-1,0,60,sign,?,broken,?,broken,,,,silent,17
724,36.2,78.0,-1.0,-1.0,,-1,0,60,sign,?,broken,?,broken,,,,silent,18
725,36.25,76.6,-1.0,-1.0,,-1,0,60,sign,?,broken,?,broken,,,,silent,17
726,36.3,75.1,-1.0,-1.0,,-1,0,60,sign,?,broken,?,broken,,,,silent,18
727,36.35,73.7,-1.0,-1.0,,-1,0,60,sign,?,broken,?,broken,,,,silent,16
728,36.4,72.3,-1.0,-1.0,,-1,0,60,sign,?,broken,?,broken,,,,silent,18
729,36.45,70.9,-1.0,-1.0,,-1,0,60,sign,?,broken,?,broken,,,,silent,15
730,36.5,69.6,-1.0,-1.0,,-1,0,60,sign,?,broken,?,broken,,,,silent,19
731,36.55,68.2,-1.0,-1.0,,-1,0,60,sign,?,broken,?,broken,,,,silent,18
732,36.6,66.9,-1.0,-1.0,,-1,0,60,sign,?,broken,?,broken,,,,silent,15
733,36.65,65.6,-1.0,-1.0,,-1,0,60,sign,?,broken,?,broken,,,,silent,17
734,36.7,64.5,-1.0,-1.0,,-1,0,60,sign,?,broken,?,broken,,,,silent,17
735,36.75,63.8,-1.0,-1.0,,-1,0,60,sign,?,broken,?,broken,,,,silent,16
736,36.8,63.5,-1.0,-1.0,,-1,0,60,sign,?,broken,?,none,,,,silent,19
737,36.85,63.3,-1.0,-1.0,,-1,0,60,sign,?,broken,?,none,,,,silent,15
738,36.9,63.4,-1.0,-1.0,,-1,0,60,sign,?,broken,?,none,,,,silent,15
739,36.95,63.6,-1.0,-1.0,,-1,0,60,sign,?,broken,?,none,,,,silent,16
740,37.0,63.9,-1.0,-1.0,,-1,0,60,sign,?,broken,?,none,,,,silent,16
741,37.05,64.2,-1.0,-1.0,,-1,0,60,sign,?,broken,?,none,,,,silent,17
742,37.1,64.6,-1.0,-1.0,,-1,0,60,sign,?,broken,?,none,,,,silent,16
743,37.15,65.0,-1.0,-1.0,,-1,0,60,sign,?,broken,?,none,,,,silent,16
744,37.2,65.4,-1.0,-1.0,,-1,0,60,sign,?,broken,?,none,,,,silent,18
745,37.25,65.8,-1.0,-1.0,,-1,0,60,sign,?,broken,?,none,,,,silent,17
746,37.3,66.2,-1.0,-1.0,,-1,0,30,sign,?,broken,?,none,,,,silent,17
747,37.35,66.6,-1.0,-1.0,,-1,0,30,sign,?,broken,?,none,,,,silent,18
748,37.4,67.1,-1.0,-1.0,,-1,0,30,sign,?,broken,?,none,,,,silent,16
749,37.45,67.5,-1.0,-1.0,,-1,0,30,sign,?,broken,?,none,,,,silent,16
750,37.5,67.9,-1.0,-1.0,,-1,0,30,sign,?,broken,?,none,,,,silent,17
751,37.55,68.4,-1.0,-1.0,,-1,0,30,sign,?,broken,?,none,,,,silent,15
752,37.6,68.8,-1.0,-1.0,,-1,0,30,sign,?,broken,?,none,,,,silent,18
753,37.65,69.2,-1.0,-1.0,,-1,0,30,sign,?,broken,?,none,,,,silent,17
754,37.7,69.6,-1.0,-1.0,,-1,0,30,sign,?,broken,?,none,,,,silent,17
755,37.75,70.0,-1.0,-1.0,,-1,0,30,sign,?,broken,?,none,,,,silent,18
756,37.8,70.4,-1.0,-1.0,,-1,0,30,sign,?,broken,?,none,,,,silent,18
757,37.85,70.5,-1.0,-1.0,,-1,0,30,sign,?,broken,?,none,,,,silent,17
758,37.9,70.3,-1.0,-1.0,,-1,0,30,sign,?,broken,?,none,,,,silent,15
759,37.95,70.0,-1.0,-1.0,,-1,0,30,sign,?,broken,?,none,,,,silent,15
760,38.0,69.7,-1.0,-1.0,,-1,0,30,sign,?,broken,?,none,,,,silent,17
761,38.05,69.9,-1.0,-1.0,,-1,0,30,sign,?,broken,?,none,,,,silent,17
762,38.1,70.3,-1.0,-1.0,,-1,0,30,sign,?,none,?,none,,,,silent,18
763,38.15,70.6,-1.0,-1.0,,-1,0,30,sign,?,broken,?,none,,,,silent,16
764,38.2,70.9,-1.0,-1.0,,-1,0,30,sign,?,broken,?,none,,,,silent,15
765,38.25,71.2,-1.0,-1.0,,-1,0,30,sign,?,broken,?,none,,,,silent,15
766,38.3,71.5,-1.0,-1.0,,-1,0,30,sign,?,broken,?,none,,,,silent,17
767,38.35,71.9,-1.0,-1.0,,-1,0,30,sign,?,broken,?,none,,,,silent,20
768,38.4,72.3,-1.0,-1.0,,-1,0,30,sign,?,broken,?,solid,,,,silent,20
769,38.45,72.6,-1.0,-1.0,,-1,0,30,sign,?,broken,?,solid,,,,silent,19
770,38.5,73.0,-1.0,-1.0,,-1,0,30,sign,?,broken,?,solid,,,,silent,15
771,38.55,73.5,-1.0,-1.0,,-1,0,30,sign,?,broken,?,solid,,,,silent,21
772,38.6,73.8,-1.0,-1.0,,-1,0,30,sign,?,broken,?,solid,,,,silent,17
773,38.65,73.9,-1.0,-1.0,,-1,0,30,sign,?,broken,?,solid,,,,silent,17
774,38.7,73.8,-1.0,-1.0,,-1,0,30,sign,?,broken,?,solid,,,,silent,12
775,38.75,73.5,-1.0,-1.0,,-1,0,30,sign,?,broken,?,solid,,,,silent,16
776,38.8,73.2,-1.0,-1.0,,-1,0,30,sign,?,broken,?,solid,,,,silent,17
777,38.85,72.8,-1.0,-1.0,,-1,0,30,sign,?,broken,?,solid,,,,silent,19
778,38.9,72.8,-1.0,-1.0,,-1,0,30,sign,?,broken,?,solid,,,,silent,17
779,38.95,73.1,-1.0,-1.0,,-1,0,30,sign,?,broken,?,solid,,,,silent,18
780,39.0,73.3,-1.0,-1.0,,-1,0,90,sign,?,broken,?,solid,,,,silent,21
781,39.05,73.4,-1.0,-1.0,,-1,0,90,sign,?,solid,?,solid,,,,silent,20
782,39.1,73.6,-1.0,-1.0,,-1,0,90,sign,?,solid,?,solid,,,,silent,18
783,39.15,73.8,-1.0,-1.0,,-1,0,90,sign,?,solid,?,solid,,,,silent,16
784,39.2,74.0,-1.0,-1.0,,-1,0,90,sign,?,solid,?,solid,,,,silent,16
785,39.25,74.3,-1.0,-1.0,,-1,0,90,sign,?,solid,?,solid,,,,silent,18
786,39.3,74.7,-1.0,-1.0,,-1,0,90,sign,?,solid,?,solid,,,,silent,16
787,39.35,75.0,-1.0,-1.0,,-1,0,90,sign,?,solid,?,solid,,,,silent,17
788,39.4,75.3,-1.0,-1.0,,-1,0,90,sign,?,solid,?,solid,,,,silent,12
789,39.45,75.3,-1.0,-1.0,,-1,0,90,sign,?,solid,?,solid,,,,silent,18
790,39.5,75.6,-1.0,-1.0,,-1,0,90,sign,?,broken,?,solid,,,,silent,16
791,39.55,76.0,-1.0,-1.0,,-1,0,90,sign,?,broken,?,solid,,,,silent,18
792,39.6,76.3,-1.0,-1.0,,-1,0,90,sign,?,broken,?,solid,,,,silent,13
793,39.65,76.7,-1.0,-1.0,,-1,0,90,sign,?,broken,?,solid,,,,silent,16
794,39.7,77.1,-1.0,-1.0,,-1,0,90,sign,?,broken,?,solid,,,,silent,18
795,39.75,77.5,-1.0,-1.0,,-1,0,90,sign,?,broken,?,solid,,,,silent,15
796,39.8,77.8,-1.0,-1.0,,-1,0,90,sign,?,broken,?,solid,,,,silent,13
797,39.85,78.2,-1.0,-1.0,,-1,0,90,sign,?,broken,?,solid,,,,silent,14
798,39.9,78.5,-1.0,-1.0,,-1,0,90,sign,?,broken,?,solid,,,,silent,18
799,39.95,78.6,-1.0,-1.0,,-1,0,90,sign,?,broken,?,solid,,,,silent,16
800,40.0,78.9,-1.0,-1.0,,-1,0,90,sign,?,broken,?,solid,,,,silent,13
801,40.05,79.3,-1.0,-1.0,,-1,0,90,sign,?,broken,?,solid,,,,silent,16
802,40.1,79.6,-1.0,-1.0,,-1,0,90,sign,?,broken,?,solid,,,,silent,14
803,40.15,79.9,-1.0,-1.0,,-1,0,90,sign,?,broken,?,solid,,,,silent,19
804,40.2,79.8,-1.0,-1.0,,-1,0,90,sign,?,broken,?,solid,,,,silent,14
805,40.25,80.1,-1.0,-1.0,,-1,0,90,sign,?,broken,?,solid,,,,silent,14
806,40.3,80.5,-1.0,-1.0,,-1,0,90,sign,?,broken,?,solid,,,,silent,18
807,40.35,80.8,-1.0,-1.0,,-1,0,90,sign,?,broken,?,solid,,,,silent,18
808,40.4,81.1,-1.0,-1.0,,-1,0,90,sign,?,broken,?,solid,,,,silent,19
809,40.45,81.4,-1.0,-1.0,,-1,0,90,sign,?,broken,?,solid,,,,silent,16
810,40.5,81.7,-1.0,-1.0,,-1,0,90,sign,?,broken,?,solid,,,,silent,17
811,40.55,82.1,-1.0,-1.0,,-1,0,90,sign,?,broken,?,solid,,,,silent,19
812,40.6,82.4,-1.0,-1.0,,-1,0,90,sign,?,broken,?,solid,,,,silent,17
813,40.65,82.7,-1.0,-1.0,,-1,0,90,sign,?,broken,?,solid,,,,silent,19
814,40.7,83.1,-1.0,-1.0,,-1,0,90,sign,?,broken,?,solid,,,,silent,17
815,40.75,83.4,-1.0,-1.0,,-1,0,90,sign,?,broken,?,solid,,,,silent,17
816,40.8,83.7,-1.0,-1.0,,-1,0,90,sign,?,broken,?,solid,,,,silent,19
817,40.85,84.0,-1.0,-1.0,,-1,1,90,sign,?,broken,?,solid,,,,silent,20
818,40.9,84.4,-1.0,-1.0,,-1,1,90,sign,?,broken,?,solid,,,,silent,19
819,40.95,84.7,-1.0,-1.0,,-1,1,90,sign,?,broken,?,solid,,,,silent,21
820,41.0,85.0,-1.0,0.74,,-1,1,90,sign,?,broken,?,solid,,,,silent,20
821,41.05,85.2,-1.0,0.73,,-1,1,90,sign,?,broken,?,solid,,,,silent,19
822,41.1,85.2,-1.0,0.72,,-1,1,90,sign,?,broken,?,solid,,,,silent,20
823,41.15,85.5,-1.0,0.7,,-1,1,90,sign,?,broken,?,solid,,,,silent,18
824,41.2,85.8,-1.0,0.69,,-1,1,90,sign,?,broken,?,solid,,,,silent,19
825,41.25,86.1,-1.0,0.67,,-1,1,90,sign,?,broken,?,solid,,,,silent,14
826,41.3,86.4,-1.0,0.67,,-1,1,90,sign,?,broken,?,solid,,,,silent,17
827,41.35,86.7,-1.0,0.66,,-1,1,90,sign,?,broken,?,solid,,,,silent,20
828,41.4,86.9,-1.0,0.66,,-1,1,90,sign,?,broken,?,solid,,,,silent,20
829,41.45,87.2,-1.0,0.66,,-1,1,90,sign,?,broken,?,solid,,,,silent,15
830,41.5,87.5,-1.0,0.65,,-1,1,90,sign,?,broken,?,solid,,,,silent,15
831,41.55,87.8,-1.0,0.65,,-1,1,90,sign,?,broken,?,solid,,,,silent,16
832,41.6,88.1,-1.0,0.65,,-1,1,90,sign,?,broken,?,solid,,,,silent,14
833,41.65,88.4,-1.0,0.64,,-1,1,90,sign,?,broken,?,solid,,,,silent,18
834,41.7,88.7,-1.0,0.64,,-1,1,90,sign,?,broken,?,solid,,,,silent,15
835,41.75,89.0,-1.0,0.64,,-1,1,90,sign,?,broken,?,solid,,,,silent,18
836,41.8,89.3,-1.0,0.64,,-1,1,90,sign,?,broken,?,solid,,,,silent,19
837,41.85,89.5,-1.0,0.64,,-1,1,90,sign,?,broken,?,solid,,,,silent,15
838,41.9,89.5,-1.0,0.64,,-1,1,90,sign,?,broken,?,solid,,,,silent,16
839,41.95,89.7,-1.0,0.64,,-1,1,90,sign,?,broken,?,solid,,,,silent,17
840,42.0,90.0,-1.0,0.64,,-1,1,90,sign,?,broken,?,solid,,,,silent,19
841,42.05,90.2,-1.0,0.64,,-1,1,90,sign,?,broken,?,solid,,,,silent,13
842,42.1,90.5,-1.0,0.64,,-1,1,90,sign,?,broken,?,solid,,,,silent,17
843,42.15,90.7,-1.0,-1.0,,-1,0,90,sign,?,broken,?,solid,,,,silent,19
844,42.2,91.0,-1.0,-1.0,,-1,0,90,sign,?,broken,?,solid,,,,silent,17
845,42.25,91.2,-1.0,-1.0,,-1,0,90,sign,?,broken,?,solid,,,,silent,12
846,42.3,91.5,-1.0,-1.0,,-1,0,90,sign,?,broken,?,solid,,,,silent,18
847,42.35,91.8,-1.0,-1.0,,-1,0,90,sign,?,broken,?,solid,,,,silent,17
848,42.4,92.0,-1.0,-1.0,,-1,0,90,sign,?,broken,?,solid,,,,silent,18
849,42.45,92.3,-1.0,-1.0,,-1,0,90,sign,?,broken,?,solid,,,,silent,16
850,42.5,92.6,-1.0,-1.0,,-1,0,90,sign,?,broken,?,solid,,,,silent,18
851,42.55,92.8,-1.0,-1.0,,-1,0,90,sign,?,broken,?,solid,,,,silent,17
852,42.6,93.1,-1.0,-1.0,,-1,0,90,sign,?,broken,?,solid,,,,silent,16
853,42.65,93.3,-1.0,-1.0,,-1,0,90,sign,?,broken,?,solid,,,,silent,17
854,42.7,93.6,-1.0,-1.0,,-1,0,90,sign,?,broken,?,solid,,,,silent,12
855,42.75,93.8,-1.0,-1.0,,-1,0,90,sign,?,broken,?,solid,,,,silent,17
856,42.8,94.1,-1.0,-1.0,,-1,0,90,sign,?,broken,?,solid,,,,silent,13
857,42.85,94.3,-1.0,-1.0,,-1,0,90,sign,?,broken,?,solid,,,,silent,15
858,42.9,94.6,-1.0,-1.0,,-1,0,90,sign,?,broken,?,solid,,,,silent,19
859,42.95,94.8,-1.0,-1.0,,-1,0,90,sign,?,broken,?,solid,,,,silent,13
860,43.0,95.0,-1.0,-1.0,,-1,0,90,sign,?,broken,?,solid,,,,silent,18
861,43.05,95.3,-1.0,-1.0,,-1,0,90,sign,?,broken,?,solid,,,,silent,14
862,43.1,95.5,-1.0,-1.0,,-1,0,90,sign,?,broken,?,solid,,,,silent,16
863,43.15,95.7,-1.0,-1.0,,-1,0,90,sign,?,broken,?,solid,,,,silent,14
864,43.2,96.0,-1.0,-1.0,,-1,0,90,sign,?,broken,?,solid,,,,silent,12
865,43.25,96.2,-1.0,-1.0,,-1,0,90,sign,?,broken,?,solid,,,,silent,18
866,43.3,96.4,-1.0,-1.0,,-1,0,90,sign,?,broken,?,solid,,,,silent,14
867,43.35,96.7,-1.0,-1.0,,-1,0,90,sign,?,broken,?,solid,,,,silent,14
868,43.4,96.9,-1.0,-1.0,,-1,0,90,sign,?,broken,?,solid,,,,silent,13
869,43.45,97.1,-1.0,-1.0,,-1,0,90,sign,?,broken,?,solid,,,,silent,14
870,43.5,97.3,-1.0,-1.0,,-1,0,90,sign,?,broken,?,solid,,,,silent,18
871,43.55,97.2,-1.0,-1.0,,-1,0,90,sign,?,broken,?,solid,,,,silent,18
872,43.6,97.4,-1.0,-1.0,,-1,0,90,sign,?,broken,?,solid,,,,silent,16
873,43.65,97.5,-1.0,-1.0,,-1,0,90,sign,?,broken,?,solid,,,,silent,17
874,43.7,97.3,-1.0,-1.0,,-1,0,90,sign,?,broken,?,solid,,,,silent,16
875,43.75,96.6,-1.0,-1.0,,-1,0,90,sign,?,broken,?,solid,,,,silent,14
876,43.8,95.6,-1.0,-1.0,,-1,0,90,sign,?,broken,?,solid,,,,silent,14
877,43.85,94.4,-1.0,-1.0,,-1,0,90,sign,?,broken,?,solid,,,,silent,18
878,43.9,93.0,-1.0,-1.0,,-1,0,90,sign,?,broken,?,solid,,,,silent,16
879,43.95,91.6,-1.0,-1.0,,-1,0,90,sign,?,broken,?,solid,,,,silent,17
880,44.0,90.1,-1.0,-1.0,,-1,0,90,sign,?,broken,?,solid,,,,silent,13
881,44.05,88.8,-1.0,-1.0,,-1,0,90,sign,?,broken,?,solid,,,,silent,17
882,44.1,87.7,-1.0,-1.0,,-1,0,90,sign,?,broken,?,solid,,,,silent,17
883,44.15,87.0,-1.0,-1.0,,-1,0,90,sign,?,broken,?,solid,,,,silent,15
884,44.2,86.6,-1.0,-1.0,,-1,0,90,sign,?,broken,?,solid,,,,silent,19
885,44.25,86.4,-1.0,-1.0,,-1,0,90,sign,?,broken,?,solid,,,,silent,16
886,44.3,86.3,-1.0,-1.0,,-1,0,90,sign,?,broken,?,solid,,,,silent,14
887,44.35,86.3,-1.0,-1.0,,-1,0,90,sign,?,broken,?,solid,,,,silent,13
888,44.4,86.3,-1.0,-1.0,,-1,0,90,sign,?,broken,?,solid,,,,silent,16
889,44.45,86.1,-1.0,-1.0,,-1,0,90,sign,?,broken,?,solid,,,,silent,18
890,44.5,85.7,-1.0,-1.0,,-1,0,90,sign,?,broken,?,solid,,,,silent,18
891,44.55,85.7,-1.0,-1.0,,-1,0,90,sign,?,broken,?,solid,,,,silent,18
892,44.6,86.0,-1.0,-1.0,,-1,0,90,sign,?,broken,?,solid,,,,silent,14
893,44.65,86.2,-1.0,-1.0,,-1,0,90,sign,?,broken,?,solid,,,,silent,15
894,44.7,86.4,-1.0,-1.0,,-1,0,90,sign,?,broken,?,solid,,,,silent,13
895,44.75,86.6,-1.0,-1.0,,-1,0,90,sign,?,broken,?,solid,,,,silent,16
896,44.8,86.8,-1.0,-1.0,,-1,0,90,sign,?,broken,?,solid,,,,silent,16
897,44.85,87.0,-1.0,-1.0,,-1,0,90,sign,?,broken,?,solid,,,,silent,13
898,44.9,87.3,-1.0,-1.0,,-1,0,90,sign,?,broken,?,solid,,,,silent,16
899,44.95,87.3,-1.0,-1.0,,-1,0,90,sign,?,broken,?,solid,,,,silent,17
900,45.0,87.6,-1.0,-1.0,,-1,0,90,sign,?,broken,?,solid,,,,silent,13
901,45.05,87.9,-1.0,-1.0,,-1,0,90,sign,?,broken,?,solid,,,,silent,13
902,45.1,88.2,-1.0,-1.0,,-1,0,90,sign,?,broken,?,solid,,,,silent,16
903,45.15,88.5,-1.0,-1.0,,-1,0,90,sign,?,broken,?,solid,,,,silent,16
904,45.2,88.8,-1.0,-1.0,,-1,0,90,sign,?,broken,?,solid,,,,silent,14
905,45.25,89.1,-1.0,-1.0,,-1,0,90,sign,?,broken,?,solid,,,,silent,15
906,45.3,89.3,-1.0,-1.0,,-1,0,90,sign,?,broken,?,solid,,,,silent,17
907,45.35,89.6,-1.0,-1.0,,-1,0,90,sign,?,broken,?,solid,,,,silent,18
908,45.4,89.9,-1.0,-1.0,,-1,0,90,sign,?,broken,?,solid,,,,silent,13
909,45.45,90.1,-1.0,-1.0,,-1,0,90,sign,?,broken,?,solid,,,,silent,17
910,45.5,90.4,-1.0,-1.0,,-1,0,90,sign,?,broken,?,solid,,,,silent,14
911,45.55,90.7,-1.0,-1.0,,-1,0,90,sign,?,broken,?,solid,,,,silent,16
912,45.6,91.0,-1.0,-1.0,,-1,0,90,sign,?,broken,?,solid,,,,silent,16
913,45.65,91.2,-1.0,-1.0,,-1,0,90,sign,?,broken,?,solid,,,,silent,17
914,45.7,91.5,-1.0,-1.0,,-1,0,90,sign,?,broken,?,solid,,,,silent,16
915,45.75,91.8,-1.0,-1.0,,-1,0,90,sign,?,broken,?,solid,,,,silent,17
916,45.8,92.0,-1.0,-1.0,,-1,0,90,sign,?,broken,?,solid,,,,silent,17
917,45.85,92.3,-1.0,-1.0,,-1,0,90,sign,?,broken,?,solid,,,,silent,12
918,45.9,92.5,-1.0,-1.0,,-1,0,90,sign,?,broken,?,solid,,,,silent,12
919,45.95,92.4,-1.0,-1.0,,-1,0,90,sign,?,broken,?,solid,,,,silent,18
920,46.0,92.6,-1.0,-1.0,,-1,0,90,sign,?,broken,?,solid,,,,silent,16
921,46.05,92.9,-1.0,-1.0,,-1,0,90,sign,?,broken,?,solid,,,,silent,17
922,46.1,93.1,-1.0,-1.0,,-1,0,90,sign,?,broken,?,solid,,,,silent,17
923,46.15,93.3,-1.0,-1.0,,-1,0,90,sign,?,broken,?,solid,,,,silent,16
924,46.2,93.6,-1.0,-1.0,,-1,0,90,sign,?,broken,?,solid,,,,silent,11
925,46.25,93.8,-1.0,-1.0,,-1,0,90,sign,?,broken,?,solid,,,,silent,14
926,46.3,94.0,-1.0,-1.0,,-1,0,90,sign,?,broken,?,solid,,,,silent,15
927,46.35,94.3,-1.0,-1.0,,-1,0,90,sign,?,broken,?,solid,,,,silent,11
928,46.4,94.5,-1.0,-1.0,,-1,0,90,sign,?,broken,?,solid,,,,silent,14
929,46.45,94.8,-1.0,-1.0,,-1,0,90,sign,?,broken,?,solid,,,,silent,17
930,46.5,95.0,-1.0,-1.0,,-1,0,90,sign,?,broken,?,solid,,,,silent,15
931,46.55,95.2,-1.0,-1.0,,-1,0,90,sign,?,broken,?,solid,,,,silent,15
932,46.6,95.5,-1.0,-1.0,,-1,0,90,sign,?,broken,?,solid,,,,silent,16
933,46.65,95.7,-1.0,-1.0,,-1,0,90,sign,?,broken,?,solid,,,,silent,18
934,46.7,95.9,-1.0,-1.0,,-1,0,90,sign,?,broken,?,solid,,,,silent,20
935,46.75,96.1,-1.0,-1.0,,-1,0,90,sign,?,broken,?,solid,,,,silent,19
936,46.8,96.0,-1.0,-1.0,,-1,0,90,sign,?,broken,?,solid,,,,silent,18
937,46.85,96.2,-1.0,-1.0,,-1,0,90,sign,?,broken,?,solid,,,,silent,18
938,46.9,96.4,-1.0,-1.0,,-1,0,90,sign,?,broken,?,solid,,,,silent,15
939,46.95,96.6,-1.0,-1.0,,-1,0,90,sign,?,broken,?,solid,,,,silent,20
940,47.0,96.8,-1.0,-1.0,,-1,0,90,sign,?,broken,?,solid,,,,silent,20
941,47.05,96.9,-1.0,-1.0,,-1,0,90,sign,?,broken,?,solid,,,,silent,13
942,47.1,97.1,-1.0,-1.0,,-1,0,90,sign,?,broken,?,solid,,,,silent,18
943,47.15,97.3,-1.0,-1.0,,-1,0,90,sign,?,broken,?,solid,,,,silent,16
944,47.2,97.5,-1.0,-1.0,,-1,0,90,sign,?,broken,?,solid,,,,silent,17
945,47.25,97.7,-1.0,-1.0,,-1,0,90,sign,?,broken,?,solid,,,,silent,16
946,47.3,97.9,-1.0,-1.0,,-1,0,90,sign,?,broken,?,solid,,,,silent,14
947,47.35,98.1,-1.0,-1.0,,-1,0,90,sign,?,broken,?,solid,,,,silent,13
948,47.4,98.3,-1.0,-1.0,,-1,0,90,sign,?,broken,?,solid,,,,silent,18
949,47.45,98.4,-1.0,-1.0,,-1,0,90,sign,?,broken,?,solid,,,,silent,17
950,47.5,98.3,-1.0,-1.0,,-1,0,90,sign,?,broken,?,solid,,,,silent,18
951,47.55,98.5,-1.0,-1.0,,-1,0,90,sign,?,broken,?,solid,,,,silent,16
952,47.6,98.7,-1.0,-1.0,,-1,1,90,sign,?,broken,?,solid,,,,silent,15
953,47.65,98.9,-1.0,-1.0,,-1,1,90,sign,?,broken,?,solid,,,,silent,14
954,47.7,99.0,-1.0,-1.0,,-1,1,90,sign,?,broken,?,solid,,,,silent,14
955,47.75,99.2,-1.0,-1.0,,-1,1,90,sign,?,broken,?,solid,,,,silent,16
956,47.8,99.4,-1.0,-1.0,,-1,1,90,sign,?,broken,?,solid,,,,silent,18
957,47.85,99.6,-1.0,-1.0,,-1,1,90,sign,?,broken,?,solid,,,,silent,12
958,47.9,99.8,-1.0,-1.0,,-1,1,90,sign,?,broken,?,solid,,,,silent,18
959,47.95,100.0,-1.0,-1.0,,-1,0,90,sign,?,broken,?,solid,,,,silent,17
960,48.0,100.2,-1.0,-1.0,,-1,0,90,sign,?,broken,?,solid,,,,silent,11
961,48.05,100.4,-1.0,-1.0,,-1,0,90,sign,?,broken,?,solid,,,,silent,16
962,48.1,100.6,-1.0,-1.0,,-1,0,90,sign,?,broken,?,solid,,,,silent,18
963,48.15,100.8,-1.0,-1.0,,-1,0,90,sign,?,broken,?,solid,,,,silent,17
964,48.2,101.0,-1.0,-1.0,,-1,0,90,sign,?,broken,?,solid,,,,silent,18
965,48.25,101.2,-1.0,-1.0,,-1,0,90,sign,?,broken,?,solid,,,,silent,19
966,48.3,101.4,-1.0,-1.0,,-1,0,90,sign,?,broken,?,solid,,,,silent,17
967,48.35,101.6,-1.0,-1.0,,-1,0,90,sign,?,broken,?,solid,,,,silent,18
968,48.4,101.8,-1.0,-1.0,,-1,0,90,sign,?,broken,?,solid,,,,silent,18
969,48.45,101.9,-1.0,-1.0,,-1,0,90,sign,?,broken,?,solid,,,,silent,13
970,48.5,102.1,-1.0,-1.0,,-1,0,90,sign,?,broken,?,solid,,,,silent,18
971,48.55,102.3,-1.0,-1.0,,-1,0,90,sign,?,broken,?,solid,,,,silent,17
972,48.6,102.5,-1.0,-1.0,,-1,0,90,sign,?,broken,?,solid,,,,silent,17
973,48.65,102.7,-1.0,-1.0,,-1,0,90,sign,?,broken,?,solid,,,,silent,14
974,48.7,102.9,-1.0,-1.0,,-1,0,90,sign,?,broken,?,solid,,,,silent,18
975,48.75,103.1,-1.0,-1.0,,-1,0,90,sign,?,broken,?,solid,,,,silent,16
976,48.8,103.2,-1.0,-1.0,,-1,0,90,sign,?,broken,?,solid,,,,silent,15
977,48.85,103.3,-1.0,-1.0,,-1,0,90,sign,?,broken,?,solid,,,,silent,15
978,48.9,103.5,-1.0,-1.0,,-1,0,90,sign,?,broken,?,solid,,,SPEED_LIMIT,ego=28.8 limit=25.0,15
979,48.95,103.7,-1.0,-1.0,,-1,0,90,sign,?,broken,?,solid,,,,silent,13
980,49.0,103.9,-1.0,-1.0,,-1,0,90,sign,?,broken,?,solid,,,,silent,15
981,49.05,104.0,-1.0,-1.0,,-1,0,90,sign,?,broken,?,solid,,,,silent,19
982,49.1,104.2,-1.0,-1.0,,-1,0,90,sign,?,broken,?,solid,,,,silent,18
983,49.15,104.3,-1.0,-1.0,,-1,0,90,sign,?,broken,?,solid,,,,silent,16
984,49.2,104.2,-1.0,-1.0,,-1,0,90,sign,?,broken,?,solid,,,,silent,16
985,49.25,104.3,-1.0,-1.0,,-1,0,90,sign,?,broken,?,solid,,,,silent,13
986,49.3,104.4,-1.0,-1.0,,-1,0,90,sign,?,broken,?,solid,,,,silent,14
987,49.35,104.6,-1.0,-1.0,,-1,0,90,sign,?,broken,?,solid,,,,silent,14
988,49.4,104.7,-1.0,-1.0,,-1,0,90,sign,?,broken,?,solid,,,,silent,13
989,49.45,104.8,-1.0,-1.0,,-1,0,90,sign,?,broken,?,solid,,,,silent,16
990,49.5,105.0,-1.0,-1.0,,-1,0,90,sign,?,broken,?,solid,,,,silent,17
991,49.55,105.1,-1.0,-1.0,,-1,0,90,sign,?,broken,?,solid,,,,silent,17
992,49.6,105.3,-1.0,-1.0,,-1,0,90,sign,?,broken,?,solid,,,,silent,18
993,49.65,105.3,-1.0,-1.0,,-1,0,90,sign,?,broken,?,solid,,,,silent,14
994,49.7,105.1,-1.0,-1.0,,-1,0,90,sign,?,broken,?,solid,,,,silent,13
995,49.75,104.6,-1.0,-1.0,,-1,0,90,sign,?,broken,?,solid,,,,silent,18
996,49.8,104.4,-1.0,-1.0,,-1,0,90,sign,?,broken,?,solid,,,,silent,12
997,49.85,104.6,-1.0,-1.0,,-1,0,90,sign,?,broken,?,solid,,,,silent,13
998,49.9,104.6,-1.0,-1.0,,-1,0,90,sign,?,broken,?,solid,,,,silent,14
999,49.95,104.6,-1.0,-1.0,,-1,0,90,sign,?,broken,?,solid,,,,silent,15
1000,50.0,104.6,-1.0,-1.0,,-1,0,90,sign,?,broken,?,solid,,,,silent,17
1001,50.05,104.6,-1.0,-1.0,,-1,0,90,sign,?,broken,?,solid,,,,silent,12
1002,50.1,104.6,-1.0,-1.0,,-1,0,90,sign,?,broken,?,solid,,,,silent,15
1003,50.15,104.7,-1.0,-1.0,,-1,0,90,sign,?,broken,?,solid,,,,silent,11
1004,50.2,104.8,-1.0,-1.0,,-1,0,90,sign,?,broken,?,solid,,,,silent,18
1005,50.25,104.9,-1.0,-1.0,,-1,0,90,sign,?,broken,?,solid,,,,silent,14
1006,50.3,105.0,-1.0,-1.0,,-1,0,90,sign,?,broken,?,solid,,,,silent,14
1007,50.35,105.1,-1.0,-1.0,,-1,0,90,sign,?,broken,?,solid,,,,silent,18
1008,50.4,105.3,-1.0,-1.0,,-1,0,90,sign,?,broken,?,solid,,,,silent,18
1009,50.45,105.4,-1.0,-1.0,,-1,0,90,sign,?,broken,?,solid,,,,silent,14
1010,50.5,105.6,-1.0,-1.0,,-1,0,90,sign,?,broken,?,solid,,,,silent,17
1011,50.55,105.7,-1.0,-1.0,,-1,0,90,sign,?,broken,?,solid,,,,silent,15
1012,50.6,105.9,-1.0,-1.0,,-1,0,90,sign,?,broken,?,solid,,,,silent,9
1013,50.65,106.0,-1.0,-1.0,,-1,0,90,sign,?,broken,?,solid,,,,silent,15
1014,50.7,106.2,-1.0,-1.0,,-1,0,90,sign,?,broken,?,solid,,,,silent,16
1015,50.75,106.4,-1.0,-1.0,,-1,0,90,sign,?,broken,?,solid,,,,silent,14
1016,50.8,106.5,-1.0,-1.0,,-1,0,90,sign,?,broken,?,solid,,,,silent,17
1017,50.85,106.3,-1.0,-1.0,,-1,0,90,sign,?,broken,?,solid,,,,silent,16
1018,50.9,106.5,-1.0,-1.0,,-1,0,90,sign,?,broken,?,solid,,,,silent,16
1019,50.95,106.6,-1.0,-1.0,,-1,0,90,sign,?,broken,?,solid,,,,silent,14
1020,51.0,106.8,-1.0,-1.0,,-1,0,90,sign,?,broken,?,solid,,,,silent,14
1021,51.05,106.9,-1.0,-1.0,,-1,0,90,sign,?,broken,?,solid,,,,silent,16
1022,51.1,107.0,-1.0,-1.0,,-1,0,90,sign,?,broken,?,solid,,,,silent,12
1023,51.15,107.1,-1.0,-1.0,,-1,0,90,sign,?,broken,?,solid,,,,silent,17
1024,51.2,107.2,-1.0,-1.0,,-1,0,90,sign,?,broken,?,solid,,,,silent,15
1025,51.25,107.2,-1.0,-1.0,,-1,0,90,sign,?,broken,?,solid,,,,silent,18
1026,51.3,107.3,-1.0,-1.0,,-1,0,90,sign,?,broken,?,solid,,,,silent,15
1027,51.35,107.5,-1.0,-1.0,,-1,0,90,sign,?,broken,?,solid,,,,silent,18
1028,51.4,107.6,-1.0,-1.0,,-1,0,90,sign,?,broken,?,solid,,,,silent,17
1029,51.45,107.8,-1.0,-1.0,,-1,0,90,sign,?,broken,?,solid,,,,silent,17
1030,51.5,107.9,-1.0,-1.0,,-1,0,90,sign,?,broken,?,solid,,,,silent,14
1031,51.55,108.0,-1.0,-1.0,,-1,0,90,sign,?,broken,?,solid,,,,silent,16
1032,51.6,107.9,-1.0,-1.0,,-1,0,90,sign,?,broken,?,solid,,,,silent,14
1033,51.65,108.0,-1.0,-1.0,,-1,0,90,sign,?,broken,?,solid,,,,silent,16
1034,51.7,108.2,-1.0,-1.0,,-1,0,90,sign,?,broken,?,solid,,,,silent,15
1035,51.75,108.3,-1.0,-1.0,,-1,0,90,sign,?,broken,?,solid,,,,silent,14
1036,51.8,108.5,-1.0,-1.0,,-1,0,90,sign,?,broken,?,solid,,,,silent,18
1037,51.85,108.6,-1.0,-1.0,,-1,0,90,sign,?,broken,?,solid,,,,silent,14
1038,51.9,108.7,-1.0,-1.0,,-1,0,90,sign,?,broken,?,solid,,,,silent,15
1039,51.95,108.8,-1.0,-1.0,,-1,0,90,sign,?,broken,?,solid,,,,silent,16
1040,52.0,109.0,-1.0,-1.0,,-1,0,90,sign,?,broken,?,solid,,,,silent,13
1041,52.05,109.1,-1.0,-1.0,,-1,0,90,sign,?,broken,?,solid,,,,silent,15
1042,52.1,109.2,-1.0,-1.0,,-1,0,90,sign,?,broken,?,solid,,,,silent,13
1043,52.15,109.3,-1.0,-1.0,,-1,0,90,sign,?,broken,?,solid,,,,silent,15
1044,52.2,109.1,-1.0,-1.0,,-1,0,90,sign,?,broken,?,solid,,,,silent,14
1045,52.25,108.6,-1.0,-1.0,,-1,0,90,sign,?,broken,?,solid,,,,silent,17
1046,52.3,108.4,-1.0,-1.0,,-1,0,90,sign,?,broken,?,solid,,,,silent,12
1047,52.35,108.5,-1.0,-1.0,,-1,0,90,sign,?,broken,?,solid,,,,silent,15
1048,52.4,108.5,-1.0,-1.0,,-1,0,90,sign,?,broken,?,solid,,,,silent,17
1049,52.45,108.5,-1.0,-1.0,,-1,0,90,sign,?,broken,?,solid,,,,silent,17
1050,52.5,108.5,-1.0,-1.0,,-1,0,90,sign,?,broken,?,solid,,,,silent,16
1051,52.55,108.4,-1.0,-1.0,,-1,0,90,sign,?,broken,?,solid,,,,silent,17
1052,52.6,108.4,-1.0,-1.0,,-1,0,90,sign,?,broken,?,solid,,,,silent,17
1053,52.65,108.5,-1.0,-1.0,,-1,0,90,sign,?,broken,?,solid,,,,silent,12
1054,52.7,108.5,-1.0,-1.0,,-1,0,90,sign,?,broken,?,solid,,,,silent,15
1055,52.75,108.6,-1.0,-1.0,,-1,0,90,sign,?,broken,?,solid,,,,silent,16
1056,52.8,108.7,-1.0,-1.0,,-1,0,90,sign,?,broken,?,solid,,,,silent,16
1057,52.85,108.8,-1.0,-1.0,,-1,0,90,sign,?,broken,?,solid,,,,silent,17
1058,52.9,108.8,-1.0,-1.0,,-1,0,90,sign,?,broken,?,solid,,,,silent,18
1059,52.95,109.0,-1.0,-1.0,,-1,0,90,sign,?,broken,?,solid,,,,silent,14
1060,53.0,109.1,-1.0,-1.0,,-1,0,90,sign,?,broken,?,solid,,,,silent,18
1061,53.05,101.4,-1.0,-1.0,,-1,0,90,sign,?,broken,?,solid,,,,silent,11
1062,53.1,100.4,-1.0,-1.0,,-1,0,90,sign,?,broken,?,solid,,,,silent,16
1063,53.15,100.8,-1.0,-1.0,,-1,0,90,sign,?,broken,?,solid,,,,silent,14
1064,53.2,32.3,-1.0,-1.0,,-1,0,90,sign,?,broken,?,solid,,,,silent,14
1065,53.25,30.4,-1.0,-1.0,,-1,0,90,sign,?,broken,?,solid,,,,silent,14
1066,53.3,27.6,-1.0,-1.0,,-1,0,90,sign,?,broken,?,solid,,,,silent,14
1067,53.35,24.2,-1.0,-1.0,,-1,0,90,sign,?,broken,?,solid,,,,silent,18
1068,53.4,20.4,-1.0,-1.0,,-1,0,90,sign,?,broken,?,solid,,,,silent,16
1069,53.45,16.5,-1.0,-1.0,,-1,0,90,sign,?,broken,?,solid,,,,silent,19
1070,53.5,13.3,-1.0,-1.0,,-1,0,90,sign,?,broken,?,solid,,,,silent,18
1071,53.55,10.9,-1.0,-1.0,,-1,0,90,sign,?,broken,?,solid,,,,silent,17
1072,53.6,9.2,-1.0,-1.0,,-1,0,90,sign,?,broken,?,solid,,,,silent,14
1073,53.65,8.5,-1.0,-1.0,,-1,0,90,sign,?,broken,?,solid,,,,silent,17
1074,53.7,9.4,-1.0,-1.0,,-1,0,90,sign,?,broken,?,solid,,,,silent,18
1075,53.75,11.0,-1.0,-1.0,,-1,0,90,sign,?,broken,?,solid,,,,silent,15
1076,53.8,12.3,-1.0,-1.0,,-1,0,90,sign,?,broken,?,solid,,,,silent,14
1077,53.85,13.0,-1.0,-1.0,,-1,0,90,sign,?,broken,?,solid,,,,silent,13
1078,53.9,2.9,-1.0,-1.0,,-1,0,90,sign,?,broken,?,solid,,,,silent,19
1079,53.95,1.4,-1.0,-1.0,,-1,0,90,sign,?,broken,?,solid,,,,silent,18
1080,54.0,0.7,-1.0,-1.0,,-1,0,90,sign,?,broken,?,solid,,,,silent,17
1081,54.05,0.6,-1.0,-1.0,,-1,0,90,sign,?,broken,?,solid,,,,silent,18
1082,54.1,0.5,-1.0,-1.0,,-1,0,90,sign,?,broken,?,solid,,,,silent,13
1083,54.15,0.5,-1.0,-1.0,,-1,0,90,sign,?,broken,?,solid,,,,silent,13
1084,54.2,0.5,-1.0,-1.0,,-1,0,90,sign,?,broken,?,solid,,,,silent,16
1085,54.25,0.5,-1.0,-1.0,,-1,0,90,sign,?,broken,?,solid,,,,silent,14
1086,54.3,0.8,-1.0,-1.0,,-1,0,90,sign,?,broken,?,solid,,,,silent,17
1087,54.35,1.1,-1.0,-1.0,,-1,0,90,sign,?,broken,?,solid,,,,silent,15
1088,54.4,1.4,-1.0,-1.0,,-1,0,90,sign,?,broken,?,solid,,,,silent,19
1089,54.45,1.7,-1.0,-1.0,,-1,0,90,sign,?,broken,?,solid,,,,silent,16
1090,54.5,2.0,-1.0,-1.0,,-1,0,90,sign,?,broken,?,solid,,,,silent,14
1091,54.55,2.0,-1.0,-1.0,,-1,0,90,sign,?,broken,?,solid,,,,silent,16
1092,54.6,2.2,-1.0,-1.0,,-1,0,90,sign,?,broken,?,solid,,,,silent,16
1093,54.65,2.4,-1.0,-1.0,,-1,0,90,sign,?,broken,?,solid,,,,silent,16
1094,54.7,2.6,-1.0,-1.0,,-1,0,90,sign,?,broken,?,solid,,,,silent,17
1095,54.75,3.2,-1.0,-1.0,,-1,0,90,sign,?,broken,?,solid,,,,silent,18
1096,54.8,3.4,-1.0,-1.0,,-1,0,90,sign,?,broken,?,solid,,,,silent,17
1097,54.85,3.4,-1.0,-1.0,,-1,0,90,sign,?,broken,?,solid,,,,silent,16
1098,54.9,3.4,-1.0,-1.0,,-1,0,90,sign,?,broken,?,solid,,,,silent,13
1099,54.95,3.5,-1.0,-1.0,,-1,0,90,sign,?,broken,?,solid,,,,silent,17
1100,55.0,3.7,-1.0,-1.0,,-1,0,90,sign,?,broken,?,solid,,,,silent,15
1101,55.05,4.1,-1.0,-1.0,,-1,0,90,sign,?,broken,?,solid,,,,silent,17
1102,55.1,4.5,-1.0,-1.0,,-1,0,90,sign,?,broken,?,solid,,,,silent,15
1103,55.15,4.5,-1.0,-1.0,,-1,0,90,sign,?,broken,?,solid,,,,silent,16
1104,55.2,4.6,-1.0,-1.0,,-1,0,90,sign,?,broken,?,solid,,,,silent,15
1105,55.25,4.7,-1.0,-1.0,,-1,0,90,sign,?,broken,?,solid,,,,silent,19
1106,55.3,5.0,-1.0,-1.0,,-1,0,90,sign,?,broken,?,solid,,,,silent,17
1107,55.35,5.0,-1.0,-1.0,,-1,0,90,sign,?,broken,?,solid,,,,silent,17
1108,55.4,5.2,-1.0,-1.0,,-1,0,90,sign,?,broken,?,solid,,,,silent,18
1109,55.45,5.4,-1.0,-1.0,,-1,0,90,sign,?,broken,?,solid,,,,silent,17
1110,55.5,5.5,-1.0,-1.0,,-1,0,90,sign,?,broken,?,solid,,,,silent,17
1111,55.55,5.6,-1.0,-1.0,,-1,0,90,sign,?,broken,?,solid,,,,silent,17
1112,55.6,5.7,-1.0,-1.0,,-1,0,90,sign,?,broken,?,solid,,,,silent,18
1113,55.65,5.8,-1.0,-1.0,,-1,0,90,sign,?,broken,?,solid,,,,silent,19
1114,55.7,6.0,-1.0,-1.0,,-1,0,90,sign,?,broken,?,solid,,,,silent,19
1115,55.75,6.1,-1.0,-1.0,,-1,0,90,sign,?,broken,?,solid,,,,silent,17
1116,55.8,6.3,-1.0,-1.0,,-1,0,90,sign,?,broken,?,solid,,,,silent,17
1117,55.85,6.4,-1.0,-1.0,,-1,0,90,sign,?,broken,?,solid,,,,silent,17
1118,55.9,6.5,-1.0,-1.0,,-1,0,90,sign,?,broken,?,solid,,,,silent,20
1119,55.95,6.7,-1.0,-1.0,,-1,0,90,sign,?,broken,?,solid,,,,silent,15
1120,56.0,6.8,-1.0,-1.0,,-1,0,90,sign,?,broken,?,solid,,,,silent,19
1121,56.05,6.9,-1.0,-1.0,,-1,0,90,sign,?,broken,?,solid,,,,silent,14
1122,56.1,7.0,-1.0,-1.0,,-1,0,90,sign,?,broken,?,solid,,,,silent,14
1123,56.15,7.1,-1.0,-1.0,,-1,0,90,sign,?,broken,?,solid,,,,silent,18
1124,56.2,7.2,-1.0,-1.0,,-1,0,90,sign,?,broken,?,solid,,,,silent,15
1125,56.25,7.3,-1.0,-1.0,,-1,0,90,sign,?,broken,?,solid,,,,silent,14
1126,56.3,3.6,-1.0,-1.0,,-1,0,90,sign,?,broken,?,solid,,,,silent,17
1127,56.35,1.0,-1.0,-1.0,,-1,0,90,sign,?,broken,?,solid,,,,silent,18
1128,56.4,0.5,-1.0,-1.0,,-1,0,90,sign,?,broken,?,solid,,,,silent,14
1129,56.45,1.1,-1.0,-1.0,,-1,0,90,sign,?,broken,?,solid,,,,silent,16
1130,56.5,1.9,-1.0,-1.0,,-1,0,90,sign,?,broken,?,solid,,,,silent,18
1131,56.55,2.8,-1.0,-1.0,,-1,0,90,sign,?,broken,?,solid,,,,silent,17
1132,56.6,3.5,-1.0,-1.0,,-1,0,90,sign,?,broken,?,solid,,,,silent,13
1133,56.65,4.2,-1.0,-1.0,,-1,0,90,sign,?,broken,?,solid,,,,silent,13
1134,56.7,5.2,-1.0,-1.0,,-1,0,90,sign,?,broken,?,solid,,,,silent,16
1135,56.75,6.1,-1.0,-1.0,,-1,0,90,sign,?,broken,?,solid,,,,silent,19
1136,56.8,7.0,-1.0,-1.0,,-1,0,90,sign,?,broken,?,solid,,,,silent,17
1137,56.85,7.8,-1.0,-1.0,,-1,0,90,sign,?,broken,?,solid,,,,silent,17
1138,56.9,8.7,-1.0,-1.0,,-1,0,90,sign,?,broken,?,solid,,,,silent,18
1139,56.95,9.6,-1.0,-1.0,,-1,0,90,sign,?,broken,?,solid,,,,silent,14
1140,57.0,10.5,-1.0,-1.0,,-1,0,90,sign,?,broken,?,solid,,,,silent,16
1141,57.05,11.4,-1.0,-1.0,,-1,0,90,sign,?,broken,?,solid,,,,silent,11
1142,57.1,12.3,-1.0,-1.0,,-1,0,90,sign,?,broken,?,solid,,,,silent,17
1143,57.15,13.1,-1.0,-1.0,,-1,0,90,sign,?,broken,?,solid,,,,silent,13
1144,57.2,14.0,-1.0,-1.0,,-1,0,90,sign,?,broken,?,solid,,,,silent,16
1145,57.25,14.9,-1.0,-1.0,,-1,0,90,sign,?,broken,?,solid,,,,silent,16
1146,57.3,15.7,-1.0,-1.0,,-1,0,90,sign,?,broken,?,solid,,,,silent,19
1147,57.35,16.5,-1.0,-1.0,,-1,0,90,sign,?,broken,?,solid,,,,silent,14
1148,57.4,17.3,-1.0,-1.0,,-1,0,90,sign,?,broken,?,solid,,,,silent,14
1149,57.45,18.1,-1.0,-1.0,,-1,0,90,sign,?,broken,?,solid,,,,silent,17
1150,57.5,18.8,-1.0,-1.0,,-1,0,90,sign,?,broken,?,solid,,,,silent,16
1151,57.55,19.5,-1.0,-1.0,,-1,0,90,sign,?,broken,?,solid,,,,silent,12
1152,57.6,20.0,-1.0,-1.0,,-1,0,90,sign,?,broken,?,solid,,,,silent,16
1153,57.65,20.1,-1.0,-1.0,,-1,0,90,sign,?,broken,?,solid,,,,silent,16
1154,57.7,20.5,-1.0,-1.0,,-1,0,90,sign,?,broken,?,solid,,,,silent,14
1155,57.75,20.8,-1.0,-1.0,,-1,0,90,sign,?,broken,?,solid,,,,silent,16
1156,57.8,21.4,-1.0,-1.0,,-1,0,90,sign,?,broken,?,solid,,,,silent,16
1157,57.85,21.9,-1.0,-1.0,,-1,0,90,sign,?,broken,?,solid,,,,silent,16
1158,57.9,22.8,-1.0,-1.0,,-1,0,90,sign,?,broken,?,solid,,,,silent,17
1159,57.95,23.4,-1.0,-1.0,,-1,0,90,sign,?,broken,?,solid,,,,silent,14
1160,58.0,24.1,-1.0,-1.0,,-1,0,90,sign,?,broken,?,solid,,,,silent,16
1161,58.05,24.8,-1.0,-1.0,,-1,0,90,sign,?,broken,?,solid,,,,silent,19
1162,58.1,25.5,-1.0,-1.0,,-1,0,90,sign,?,broken,?,solid,,,,silent,13
1163,58.15,26.1,-1.0,-1.0,,-1,0,90,sign,?,broken,?,solid,,,,silent,16
1164,58.2,27.0,-1.0,-1.0,,-1,0,90,sign,?,broken,?,solid,,,,silent,16
1165,58.25,27.7,-1.0,-1.0,,-1,0,90,sign,?,broken,?,solid,,,,silent,19
1166,58.3,28.4,-1.0,-1.0,,-1,0,90,sign,?,broken,?,solid,,,,silent,16
1167,58.35,29.0,-1.0,-1.0,,-1,0,90,sign,?,broken,?,solid,,,,silent,13
1168,58.4,29.8,-1.0,-1.0,,-1,0,90,sign,?,broken,?,solid,,,,silent,19
1169,58.45,30.4,-1.0,-1.0,,-1,0,90,sign,?,broken,?,solid,,,,silent,19
1170,58.5,31.2,-1.0,-1.0,,-1,0,90,sign,?,broken,?,solid,,,,silent,15
1171,58.55,31.7,-1.0,-1.0,,-1,0,90,sign,?,broken,?,solid,,,,silent,13
1172,58.6,32.2,-1.0,-1.0,,-1,0,90,sign,?,broken,?,solid,,,,silent,18
1173,58.65,32.9,-1.0,-1.0,,-1,0,90,sign,?,broken,?,solid,,,,silent,17
1174,58.7,33.7,-1.0,-1.0,,-1,0,90,sign,?,broken,?,solid,,,,silent,17
1175,58.75,34.3,-1.0,-1.0,,-1,0,90,sign,?,broken,?,solid,,,,silent,15
1176,58.8,35.0,-1.0,-1.0,,-1,0,90,sign,?,broken,?,solid,,,,silent,20
1177,58.85,35.7,-1.0,-1.0,,-1,0,90,sign,?,broken,?,solid,,,,silent,14
1178,58.9,36.4,-1.0,-1.0,,-1,0,90,sign,?,broken,?,solid,,,,silent,15
1179,58.95,37.1,-1.0,-1.0,,-1,0,90,sign,?,broken,?,solid,,,,silent,17
1180,59.0,37.8,-1.0,-1.0,,-1,0,90,sign,?,broken,?,solid,,,,silent,18
1181,59.05,38.5,-1.0,-1.0,,-1,0,90,sign,?,broken,?,solid,,,,silent,16
1182,59.1,39.2,-1.0,-1.0,,-1,0,90,sign,?,broken,?,solid,,,,silent,15
1183,59.15,39.9,-1.0,-1.0,,-1,0,90,sign,?,broken,?,solid,,,,silent,17
1184,59.2,40.6,-1.0,-1.0,,-1,0,90,sign,?,broken,?,solid,,,,silent,12
1185,59.25,41.2,-1.0,-1.0,,-1,0,90,sign,?,broken,?,solid,,,,silent,16
1186,59.3,41.7,-1.0,-1.0,,-1,0,90,sign,?,broken,?,solid,,,,silent,15
1187,59.35,42.3,-1.0,-1.0,,-1,0,90,sign,?,broken,?,solid,,,,silent,17
1188,59.4,43.0,-1.0,-1.0,,-1,0,90,sign,?,broken,?,solid,,,,silent,16
1189,59.45,43.6,-1.0,-1.0,,-1,0,90,sign,?,broken,?,solid,,,,silent,17
1190,59.5,44.3,-1.0,-1.0,,-1,0,90,sign,?,broken,?,solid,,,,silent,20
1191,59.55,44.9,-1.0,-1.0,,-1,0,90,sign,?,broken,?,solid,,,,silent,13
1192,59.6,45.5,-1.0,-1.0,,-1,0,90,sign,?,broken,?,solid,,,,silent,14
1193,59.65,46.1,-1.0,-1.0,,-1,0,90,sign,?,broken,?,solid,,,,silent,12
1194,59.7,46.7,-1.0,-1.0,,-1,0,90,sign,?,broken,?,solid,,,,silent,18
1195,59.75,47.3,-1.0,-1.0,,-1,0,90,sign,?,broken,?,solid,,,,silent,17
1196,59.8,47.9,-1.0,-1.0,,-1,0,90,sign,?,broken,?,solid,,,,silent,15
1197,59.85,48.4,-1.0,-1.0,,-1,0,90,sign,?,broken,?,solid,,,,silent,14
1198,59.9,49.0,-1.0,-1.0,,-1,0,90,sign,?,broken,?,solid,,,,silent,16
1199,59.95,49.6,-1.0,-1.0,,-1,0,90,sign,?,broken,?,solid,,,,silent,18
1200,60.0,50.2,-1.0,-1.0,,-1,0,90,sign,?,broken,?,solid,,,,silent,18
1201,60.05,50.7,-1.0,-1.0,,-1,0,90,sign,?,broken,?,solid,,,,silent,14
1202,60.1,51.3,-1.0,-1.0,,-1,0,90,sign,?,broken,?,solid,,,,silent,17
1203,60.15,51.8,-1.0,-1.0,,-1,0,90,sign,?,broken,?,solid,,,,silent,14
1204,60.2,52.4,-1.0,-1.0,,-1,0,90,sign,?,broken,?,solid,,,,silent,17
1205,60.25,52.9,-1.0,-1.0,,-1,0,90,sign,?,broken,?,solid,,,,silent,18
1206,60.3,53.5,-1.0,-1.0,,-1,0,90,sign,?,broken,?,solid,,,,silent,13
1207,60.35,54.0,-1.0,-1.0,,-1,0,90,sign,?,broken,?,solid,,,,silent,15
1208,60.4,54.5,-1.0,-1.0,,-1,0,90,sign,?,broken,?,solid,,,,silent,16
1209,60.45,55.1,-1.0,-1.0,,-1,0,90,sign,?,broken,?,solid,,,,silent,15
1210,60.5,55.6,-1.0,-1.0,,-1,0,90,sign,?,broken,?,solid,,,,silent,19
1211,60.55,56.1,-1.0,-1.0,,-1,0,90,sign,?,broken,?,solid,,,,silent,15
1212,60.6,56.6,-1.0,-1.0,,-1,0,90,sign,?,broken,?,solid,,,,silent,16
1213,60.65,57.1,-1.0,-1.0,,-1,0,90,sign,?,broken,?,solid,,,,silent,13
1214,60.7,57.7,-1.0,-1.0,,-1,0,90,sign,?,broken,?,solid,,,,silent,17
1215,60.75,58.2,-1.0,-1.0,,-1,0,90,sign,?,broken,?,solid,,,,silent,15
1216,60.8,58.7,-1.0,-1.0,,-1,0,90,sign,?,broken,?,solid,,,,silent,17
1217,60.85,59.2,-1.0,-1.0,,-1,0,90,sign,?,broken,?,solid,,,,silent,17
1218,60.9,59.7,-1.0,-1.0,,-1,0,90,sign,?,broken,?,solid,,,,silent,17
1219,60.95,60.2,-1.0,-1.0,,-1,0,90,sign,?,broken,?,solid,,,,silent,18
1220,61.0,60.6,-1.0,-1.0,,-1,0,90,sign,?,broken,?,solid,,,,silent,12
1221,61.05,61.1,-1.0,-1.0,,-1,0,90,sign,?,broken,?,solid,,,,silent,13
1222,61.1,61.6,-1.0,-1.0,,-1,0,90,sign,?,broken,?,solid,,,,silent,17
1223,61.15,62.1,-1.0,-1.0,,-1,0,90,sign,?,broken,?,solid,,,,silent,14
1224,61.2,62.6,-1.0,-1.0,,-1,0,90,sign,?,broken,?,solid,,,,silent,15
1225,61.25,63.0,-1.0,-1.0,,-1,0,90,sign,?,broken,?,solid,,,,silent,14
1226,61.3,63.5,-1.0,-1.0,,-1,0,90,sign,?,broken,?,solid,,,,silent,16
1227,61.35,64.0,-1.0,-1.0,,-1,0,90,sign,?,broken,?,solid,,,,silent,15
1228,61.4,64.4,-1.0,-1.0,,-1,0,90,sign,?,broken,?,solid,,,,silent,16
1229,61.45,64.9,-1.0,-1.0,,-1,0,90,sign,?,broken,?,solid,,,,silent,15
1230,61.5,65.3,-1.0,-1.0,,-1,0,90,sign,?,broken,?,solid,,,,silent,16
1231,61.55,65.8,-1.0,-1.0,,-1,0,90,sign,?,broken,?,solid,,,,silent,15
1232,61.6,66.2,-1.0,-1.0,,-1,0,90,sign,?,broken,?,solid,,,,silent,18
1233,61.65,66.7,-1.0,-1.0,,-1,0,90,sign,?,broken,?,solid,,,,silent,15
1234,61.7,67.1,-1.0,-1.0,,-1,0,90,sign,?,broken,?,solid,,,,silent,15
1235,61.75,67.6,-1.0,-1.0,,-1,0,90,sign,?,broken,?,solid,,,,silent,17
1236,61.8,68.0,-1.0,-1.0,,-1,0,90,sign,?,broken,?,solid,,,,silent,14
1237,61.85,68.4,-1.0,-1.0,,-1,0,90,sign,?,broken,?,solid,,,,silent,16
1238,61.9,68.9,-1.0,-1.0,,-1,0,90,sign,?,broken,?,solid,,,,silent,18
1239,61.95,69.3,-1.0,-1.0,,-1,0,90,sign,?,broken,?,solid,,,,silent,18
1240,62.0,69.7,-1.0,-1.0,,-1,0,90,sign,?,broken,?,solid,,,,silent,11
1241,62.05,70.1,-1.0,-1.0,,-1,0,90,sign,?,broken,?,solid,,,,silent,16
1242,62.1,70.5,-1.0,-1.0,,-1,0,90,sign,?,broken,?,solid,,,,silent,14
1243,62.15,71.0,-1.0,-1.0,,-1,0,90,sign,?,broken,?,solid,,,,silent,18
1244,62.2,71.4,-1.0,-1.0,,-1,0,90,sign,?,broken,?,solid,,,,silent,14
1245,62.25,71.8,-1.0,-1.0,,-1,0,90,sign,?,broken,?,solid,,,,silent,17
1246,62.3,72.2,-1.0,-1.0,,-1,0,90,sign,?,broken,?,solid,,,,silent,19
1247,62.35,72.6,-1.0,-1.0,,-1,0,90,sign,?,broken,?,solid,,,,silent,17
1248,62.4,73.0,-1.0,-1.0,,-1,0,90,sign,?,broken,?,solid,,,,silent,18
1249,62.45,73.4,-1.0,-1.0,,-1,0,90,sign,?,broken,?,solid,,,,silent,16
1250,62.5,73.8,-1.0,-1.0,,-1,0,90,sign,?,broken,?,solid,,,,silent,18
1251,62.55,74.2,-1.0,-1.0,,-1,0,90,sign,?,broken,?,solid,,,,silent,15
1252,62.6,74.6,-1.0,-1.0,,-1,0,90,sign,?,broken,?,solid,,,,silent,14
1253,62.65,74.9,-1.0,-1.0,,-1,0,90,sign,?,broken,?,solid,,,,silent,18
1254,62.7,75.3,-1.0,-1.0,,-1,0,90,sign,?,broken,?,solid,,,,silent,18
1255,62.75,75.7,-1.0,-1.0,,-1,0,90,sign,?,broken,?,solid,,,,silent,17
1256,62.8,76.1,-1.0,-1.0,,-1,0,90,sign,?,broken,?,solid,,,,silent,15
1257,62.85,76.5,-1.0,-1.0,,-1,0,90,sign,?,broken,?,solid,,,,silent,14
1258,62.9,76.8,-1.0,-1.0,,-1,0,90,sign,?,broken,?,solid,,,,silent,19
1259,62.95,77.2,-1.0,-1.0,,-1,0,90,sign,?,broken,?,solid,,,,silent,13
1260,63.0,77.6,-1.0,-1.0,,-1,0,90,sign,?,broken,?,solid,,,,silent,18
1261,63.05,77.9,-1.0,-1.0,,-1,0,90,sign,?,broken,?,solid,,,,silent,17
1262,63.1,78.3,-1.0,-1.0,,-1,0,90,sign,?,broken,?,solid,,,,silent,17
1263,63.15,78.6,-1.0,-1.0,,-1,0,90,sign,?,broken,?,solid,,,,silent,15
1264,63.2,79.0,-1.0,-1.0,,-1,0,90,sign,?,broken,?,solid,,,,silent,13
1265,63.25,79.3,-1.0,-1.0,,-1,0,90,sign,?,broken,?,solid,,,,silent,12
1266,63.3,79.7,-1.0,-1.0,,-1,0,90,sign,?,broken,?,solid,,,,silent,15
1267,63.35,80.0,-1.0,-1.0,,-1,0,90,sign,?,broken,?,solid,,,,silent,16
1268,63.4,80.4,-1.0,-1.0,,-1,0,90,sign,?,broken,?,solid,,,,silent,15
1269,63.45,80.7,-1.0,-1.0,,-1,0,90,sign,?,broken,?,solid,,,,silent,15
1270,63.5,81.1,-1.0,-1.0,,-1,0,90,sign,?,broken,?,solid,,,,silent,16
1271,63.55,81.4,-1.0,-1.0,,-1,0,90,sign,?,broken,?,solid,,,,silent,14
1272,63.6,81.8,-1.0,-1.0,,-1,0,90,sign,?,broken,?,solid,,,,silent,14
1273,63.65,82.1,-1.0,-1.0,,-1,0,90,sign,?,broken,?,solid,,,,silent,18
1274,63.7,82.4,-1.0,-1.0,,-1,0,90,sign,?,broken,?,solid,,,,silent,14
1275,63.75,82.7,-1.0,-1.0,,-1,0,90,sign,?,broken,?,solid,,,,silent,18
1276,63.8,83.1,-1.0,-1.0,,-1,0,90,sign,?,broken,?,solid,,,,silent,14
1277,63.85,83.4,-1.0,-1.0,,-1,0,90,sign,?,broken,?,solid,,,,silent,14
1278,63.9,83.7,-1.0,-1.0,,-1,0,90,sign,?,broken,?,solid,,,,silent,18
1279,63.95,84.0,-1.0,-1.0,,-1,0,90,sign,?,broken,?,solid,,,,silent,17
1280,64.0,84.3,-1.0,-1.0,,-1,0,90,sign,?,broken,?,solid,,,,silent,14
1281,64.05,84.3,-1.0,-1.0,,-1,0,90,sign,?,broken,?,solid,,,,silent,17
1282,64.1,84.6,-1.0,-1.0,,-1,0,90,sign,?,broken,?,solid,,,,silent,16
1283,64.15,84.9,-1.0,-1.0,,-1,0,90,sign,?,broken,?,solid,,,,silent,13
1284,64.2,85.2,-1.0,-1.0,,-1,0,90,sign,?,broken,?,solid,,,,silent,18
1285,64.25,85.5,-1.0,-1.0,,-1,0,90,sign,?,broken,?,solid,,,,silent,14
1286,64.3,85.8,-1.0,-1.0,,-1,0,90,sign,?,broken,?,solid,,,,silent,17
1287,64.35,86.1,-1.0,-1.0,,-1,0,90,sign,?,broken,?,solid,,,,silent,17
1288,64.4,86.4,-1.0,-1.0,,-1,0,90,sign,?,broken,?,solid,,,,silent,14
1289,64.45,86.7,-1.0,-1.0,,-1,0,90,sign,?,broken,?,solid,,,,silent,16
1290,64.5,86.9,-1.0,-1.0,,-1,0,90,sign,?,broken,?,solid,,,,silent,17
1291,64.55,87.2,-1.0,-1.0,,-1,0,90,sign,?,broken,?,solid,,,,silent,13
1292,64.6,87.5,-1.0,-1.0,,-1,0,90,sign,?,broken,?,solid,,,,silent,18
1293,64.65,87.8,-1.0,-1.0,,-1,0,90,sign,?,broken,?,solid,,,,silent,17
1294,64.7,88.1,-1.0,-1.0,,-1,0,90,sign,?,broken,?,solid,,,,silent,11
1295,64.75,88.4,-1.0,-1.0,,-1,0,90,sign,?,broken,?,solid,,,,silent,14
1296,64.8,88.7,-1.0,-1.0,,-1,0,90,sign,?,broken,?,solid,,,,silent,14
1297,64.85,89.0,-1.0,-1.0,,-1,0,90,sign,?,broken,?,solid,,,,silent,14
1298,64.9,89.3,-1.0,-1.0,,-1,0,90,sign,?,broken,?,solid,,,,silent,18
1299,64.95,89.6,-1.0,-1.0,,-1,0,90,sign,?,broken,?,solid,,,,silent,12
1300,65.0,89.8,-1.0,-1.0,,-1,0,90,sign,?,broken,?,solid,,,,silent,12
1301,65.05,90.1,-1.0,-1.0,,-1,0,90,sign,?,broken,?,solid,,,,silent,15
1302,65.1,90.4,-1.0,-1.0,,-1,1,90,sign,?,broken,?,solid,,,,silent,17
1303,65.15,90.7,-1.0,-1.0,,-1,1,90,sign,?,broken,?,solid,,,,silent,17
1304,65.2,90.9,-1.0,-1.0,,-1,1,90,sign,?,broken,?,solid,,,,silent,16
1305,65.25,91.2,-1.0,0.79,,-1,1,90,sign,?,broken,?,solid,,,,silent,20
1306,65.3,91.5,-1.0,0.79,,-1,1,90,sign,?,broken,?,solid,,,,silent,14
1307,65.35,91.7,-1.0,0.79,,-1,1,90,sign,?,broken,?,solid,,,,silent,15
1308,65.4,92.0,-1.0,0.79,,-1,1,90,sign,?,broken,?,solid,,,,silent,15
1309,65.45,92.2,-1.0,0.79,,-1,1,90,sign,?,broken,?,solid,,,,silent,19
1310,65.5,92.5,-1.0,0.79,,-1,1,90,sign,?,broken,?,solid,,,,silent,16
1311,65.55,92.8,-1.0,0.81,,-1,1,90,sign,?,broken,?,solid,,,,silent,14
1312,65.6,93.0,-1.0,0.81,,-1,1,90,sign,?,broken,?,solid,,,,silent,15
1313,65.65,93.3,-1.0,0.83,,-1,1,90,sign,?,broken,?,solid,,,,silent,13
1314,65.7,93.5,-1.0,0.84,,-1,1,90,sign,?,broken,?,solid,,,,silent,19
1315,65.75,93.8,-1.0,0.86,,-1,1,90,sign,?,broken,?,solid,,,,silent,19
1316,65.8,94.0,-1.0,0.87,,-1,1,90,sign,?,broken,?,solid,,,,silent,21
1317,65.85,94.3,-1.0,0.88,,-1,1,90,sign,?,broken,?,solid,,,,silent,20
1318,65.9,94.5,-1.0,-1.0,,-1,1,90,sign,?,broken,?,solid,,,,silent,20
1319,65.95,94.7,-1.0,-1.0,,-1,1,90,sign,?,broken,?,solid,,,,silent,19
1320,66.0,94.9,-1.0,-1.0,,-1,1,90,sign,?,broken,?,solid,,,,silent,18
1321,66.05,94.8,-1.0,0.9,,-1,1,90,sign,?,broken,?,solid,,,,silent,16
1322,66.1,95.0,-1.0,0.88,,-1,1,90,sign,?,broken,?,solid,,,,silent,20
1323,66.15,95.3,-1.0,0.88,,-1,1,90,sign,?,broken,?,solid,,,,silent,19
1324,66.2,95.5,-1.0,0.88,,-1,1,90,sign,?,broken,?,solid,,,,silent,20
1325,66.25,95.7,-1.0,0.88,,-1,1,90,sign,?,broken,?,solid,,,,silent,16
1326,66.3,95.9,-1.0,0.88,,-1,1,90,sign,?,broken,?,solid,,,,silent,15
1327,66.35,96.1,-1.0,0.88,,-1,1,90,sign,?,broken,?,solid,,,,silent,19
1328,66.4,96.3,-1.0,0.88,,-1,1,90,sign,?,broken,?,solid,,,,silent,18
1329,66.45,96.6,-1.0,-1.0,,-1,0,90,sign,?,broken,?,solid,,,,silent,16
1330,66.5,96.8,-1.0,-1.0,,-1,1,90,sign,?,broken,?,solid,,,,silent,17
1331,66.55,97.0,-1.0,-1.0,,-1,1,90,sign,?,broken,?,solid,,,,silent,19
1332,66.6,97.1,-1.0,-1.0,,-1,1,90,sign,?,broken,?,solid,,,,silent,14
1333,66.65,97.0,-1.0,0.87,,-1,1,90,sign,?,broken,?,solid,,,,silent,15
1334,66.7,97.2,-1.0,0.85,,-1,1,90,sign,?,broken,?,solid,,,,silent,20
1335,66.75,97.4,-1.0,0.84,,-1,1,90,sign,?,broken,?,solid,,,,silent,14
1336,66.8,97.6,-1.0,0.83,,-1,1,90,sign,?,broken,?,solid,,,,silent,16
1337,66.85,97.8,-1.0,0.82,,-1,1,90,sign,?,broken,?,solid,,,,silent,15
1338,66.9,98.0,-1.0,0.82,,-1,1,90,sign,?,broken,?,solid,,,,silent,20
1339,66.95,98.2,-1.0,0.82,,-1,1,90,sign,?,broken,?,solid,,,,silent,16
1340,67.0,98.4,-1.0,0.82,,-1,1,90,sign,?,broken,?,solid,,,,silent,16
1341,67.05,98.6,-1.0,0.82,,-1,1,90,sign,?,broken,?,solid,,,,silent,15
1342,67.1,98.8,-1.0,0.82,,-1,1,90,sign,?,broken,?,solid,,,,silent,19
1343,67.15,99.0,-1.0,0.82,,-1,1,90,sign,?,broken,?,solid,,,,silent,18
1344,67.2,99.2,-1.0,0.83,,-1,1,90,sign,?,broken,?,solid,,,,silent,17
1345,67.25,99.4,-1.0,0.83,,-1,1,90,sign,?,broken,?,solid,,,,silent,17
1346,67.3,99.6,-1.0,0.83,,-1,1,90,sign,?,broken,?,solid,,,,silent,14
1347,67.35,99.8,-1.0,0.83,,-1,1,90,sign,?,broken,?,solid,,,,silent,17
1348,67.4,99.9,-1.0,0.84,,-1,1,90,sign,?,broken,?,solid,,,,silent,15
1349,67.45,99.8,-1.0,0.84,,-1,1,90,sign,?,broken,?,solid,,,,silent,13
1350,67.5,100.0,-1.0,0.84,,-1,1,90,sign,?,broken,?,solid,,,,silent,14
1351,67.55,100.2,-1.0,0.84,,-1,1,90,sign,?,broken,?,solid,,,,silent,18
1352,67.6,100.4,-1.0,0.84,,-1,1,90,sign,?,broken,?,solid,,,,silent,16
1353,67.65,100.5,-1.0,0.82,,-1,1,90,sign,?,broken,?,solid,,,,silent,14
1354,67.7,100.7,-1.0,0.82,,-1,1,90,sign,?,broken,?,solid,,,,silent,17
1355,67.75,100.9,-1.0,0.82,,-1,1,90,sign,?,broken,?,solid,,,,silent,17
1356,67.8,101.0,-1.0,0.82,,-1,1,90,sign,?,broken,?,solid,,,,silent,17
1357,67.85,101.2,-1.0,0.82,,-1,1,90,sign,?,broken,?,solid,,,,silent,17
1358,67.9,101.4,-1.0,0.83,,-1,1,90,sign,?,broken,?,solid,,,,silent,19
1359,67.95,101.6,-1.0,0.84,,-1,1,90,sign,?,broken,?,solid,,,,silent,19
1360,68.0,101.8,-1.0,0.84,,-1,1,90,sign,?,broken,?,solid,,,,silent,18
1361,68.05,102.0,-1.0,0.86,,-1,1,90,sign,?,broken,?,solid,,,,silent,20
1362,68.1,102.2,-1.0,0.87,,-1,1,90,sign,?,broken,?,solid,,,,silent,17
1363,68.15,102.4,-1.0,0.87,,-1,1,90,sign,?,broken,?,solid,,,,silent,14
1364,68.2,102.5,-1.0,0.87,,-1,1,90,sign,?,broken,?,solid,,,,silent,18
1365,68.25,102.6,-1.0,0.87,,-1,1,90,sign,?,broken,?,solid,,,,silent,17
1366,68.3,102.8,-1.0,0.87,,-1,1,90,sign,?,broken,?,solid,,,,silent,13
1367,68.35,103.0,-1.0,0.87,,-1,1,90,sign,?,broken,?,solid,,,,silent,11
1368,68.4,103.2,-1.0,-1.0,,-1,1,90,sign,?,broken,?,solid,,,SPEED_LIMIT,ego=28.7 limit=25.0,19
1369,68.45,103.4,-1.0,-1.0,,-1,1,90,sign,?,broken,?,solid,,,,silent,15
1370,68.5,103.5,-1.0,-1.0,,-1,1,90,sign,?,broken,?,solid,,,,silent,16
1371,68.55,103.6,-1.0,-1.0,,-1,1,90,sign,?,broken,?,solid,,,,silent,16
1372,68.6,103.5,-1.0,-1.0,,-1,1,90,sign,?,broken,?,solid,,,,silent,18
1373,68.65,103.6,-1.0,-1.0,,-1,1,90,sign,?,broken,?,solid,,,,silent,17
1374,68.7,103.8,-1.0,-1.0,,-1,1,90,sign,?,broken,?,solid,,,,silent,18
1375,68.75,103.9,-1.0,-1.0,,-1,0,90,sign,?,broken,?,solid,,,,silent,18
1376,68.8,104.0,-1.0,-1.0,,-1,0,90,sign,?,broken,?,solid,,,,silent,18
1377,68.85,104.0,-1.0,-1.0,,-1,0,90,sign,?,broken,?,solid,,,,silent,15
1378,68.9,103.8,-1.0,-1.0,,-1,0,90,sign,?,broken,?,solid,,,,silent,14
1379,68.95,103.8,-1.0,-1.0,,-1,0,90,sign,?,broken,?,solid,,,,silent,14
1380,69.0,104.0,-1.0,-1.0,,-1,0,90,sign,?,broken,?,solid,,,,silent,13
1381,69.05,104.1,-1.0,-1.0,,-1,0,90,sign,?,broken,?,solid,,,,silent,16
1382,69.1,104.2,-1.0,-1.0,,-1,0,90,sign,?,broken,?,solid,,,,silent,14
1383,69.15,104.3,-1.0,-1.0,,-1,0,90,sign,?,broken,?,solid,,,,silent,15
1384,69.2,104.4,-1.0,-1.0,,-1,0,90,sign,?,broken,?,solid,,,,silent,17
1385,69.25,104.5,-1.0,-1.0,,-1,0,90,sign,?,broken,?,solid,,,,silent,18
1386,69.3,104.6,-1.0,-1.0,,-1,0,90,sign,?,broken,?,solid,,,,silent,17
1387,69.35,104.8,-1.0,-1.0,,-1,0,90,sign,?,broken,?,solid,,,,silent,17
1388,69.4,104.9,-1.0,-1.0,,-1,0,90,sign,?,broken,?,solid,,,,silent,18
1389,69.45,105.0,-1.0,-1.0,,-1,0,90,sign,?,broken,?,solid,,,,silent,13
1390,69.5,104.8,-1.0,-1.0,,-1,0,90,sign,?,broken,?,solid,,,,silent,17
1391,69.55,104.9,-1.0,-1.0,,-1,0,90,sign,?,broken,?,solid,,,,silent,14
1392,69.6,105.0,-1.0,-1.0,,-1,0,90,sign,?,broken,?,solid,,,,silent,17
1393,69.65,105.2,-1.0,-1.0,,-1,0,90,sign,?,broken,?,solid,,,,silent,15
1394,69.7,105.3,-1.0,-1.0,,-1,0,90,sign,?,broken,?,solid,,,,silent,13
1395,69.75,105.4,-1.0,-1.0,,-1,0,90,sign,?,broken,?,solid,,,,silent,19
1396,69.8,105.5,-1.0,-1.0,,-1,0,90,sign,?,broken,?,solid,,,,silent,16
1397,69.85,105.7,-1.0,-1.0,,-1,0,90,sign,?,broken,?,solid,,,,silent,13
1398,69.9,105.6,-1.0,-1.0,,-1,0,90,sign,?,broken,?,solid,,,,silent,18
1399,69.95,105.8,-1.0,-1.0,,-1,0,90,sign,?,broken,?,solid,,,,silent,17
1400,70.0,105.9,-1.0,-1.0,,-1,0,90,sign,?,broken,?,solid,,,,silent,18
1401,70.05,106.1,-1.0,-1.0,,-1,0,90,sign,?,broken,?,solid,,,,silent,14
1402,70.1,106.3,-1.0,-1.0,,-1,0,90,sign,?,broken,?,solid,,,,silent,19
1403,70.15,106.4,-1.0,-1.0,,-1,0,90,sign,?,broken,?,solid,,,,silent,14
1404,70.2,106.5,-1.0,-1.0,,-1,0,90,sign,?,broken,?,solid,,,,silent,14
1405,70.25,106.7,-1.0,-1.0,,-1,0,90,sign,?,broken,?,solid,,,,silent,14
1406,70.3,106.8,-1.0,-1.0,,-1,0,90,sign,?,broken,?,solid,,,,silent,16
1407,70.35,107.0,-1.0,-1.0,,-1,0,90,sign,?,broken,?,solid,,,,silent,16
1408,70.4,107.1,-1.0,-1.0,,-1,0,90,sign,?,broken,?,solid,,,,silent,14
1409,70.45,107.3,-1.0,-1.0,,-1,0,90,sign,?,broken,?,solid,,,,silent,17
1410,70.5,107.4,-1.0,-1.0,,-1,0,90,sign,?,broken,?,solid,,,,silent,18
1411,70.55,107.5,-1.0,-1.0,,-1,0,90,sign,?,broken,?,solid,,,,silent,14
1412,70.6,107.7,-1.0,-1.0,,-1,0,90,sign,?,broken,?,solid,,,,silent,14
1413,70.65,107.8,-1.0,-1.0,,-1,0,90,sign,?,broken,?,solid,,,,silent,14
1414,70.7,108.0,-1.0,-1.0,,-1,0,90,sign,?,broken,?,solid,,,,silent,17
1415,70.75,108.1,-1.0,-1.0,,-1,0,90,sign,?,broken,?,solid,,,,silent,14
1416,70.8,108.3,-1.0,-1.0,,-1,0,90,sign,?,broken,?,solid,,,,silent,17
1417,70.85,108.4,-1.0,-1.0,,-1,0,90,sign,?,broken,?,solid,,,,silent,18
1418,70.9,108.5,-1.0,-1.0,,-1,0,90,sign,?,broken,?,solid,,,,silent,17
1419,70.95,108.3,-1.0,-1.0,,-1,0,90,sign,?,broken,?,solid,,,,silent,15
1420,71.0,108.4,-1.0,-1.0,,-1,0,90,sign,?,broken,?,solid,,,,silent,15
1421,71.05,108.5,-1.0,-1.0,,-1,0,90,sign,?,broken,?,solid,,,,silent,17
1422,71.1,108.6,-1.0,-1.0,,-1,0,90,sign,?,broken,?,solid,,,,silent,18
1423,71.15,108.6,-1.0,-1.0,,-1,0,90,sign,?,broken,?,solid,,,,silent,16
1424,71.2,108.3,-1.0,-1.0,,-1,0,90,sign,?,broken,?,solid,,,,silent,18
1425,71.25,108.3,-1.0,-1.0,,-1,0,90,sign,?,broken,?,solid,,,,silent,16
1426,71.3,108.4,-1.0,-1.0,,-1,0,90,sign,?,broken,?,solid,,,,silent,15
1427,71.35,108.4,-1.0,-1.0,,-1,0,90,sign,?,broken,?,solid,,,,silent,17
1428,71.4,108.3,-1.0,-1.0,,-1,0,90,sign,?,broken,?,solid,,,,silent,16
1429,71.45,107.9,-1.0,-1.0,,-1,0,90,sign,?,broken,?,solid,,,,silent,16
1430,71.5,107.2,-1.0,-1.0,,-1,0,90,sign,?,broken,?,solid,,,,silent,18
1431,71.55,106.9,-1.0,-1.0,,-1,0,90,sign,?,broken,?,solid,,,,silent,18
1432,71.6,106.8,-1.0,-1.0,,-1,0,90,sign,?,broken,?,solid,,,,silent,16
1433,71.65,106.8,-1.0,-1.0,,-1,0,90,sign,?,broken,?,solid,,,,silent,21
1434,71.7,106.6,-1.0,-1.0,,-1,0,90,sign,?,broken,?,solid,,,,silent,19
1435,71.75,106.5,-1.0,-1.0,,-1,0,90,sign,?,broken,?,solid,,,,silent,16
1436,71.8,106.4,-1.0,-1.0,,-1,0,90,sign,?,broken,?,solid,,,,silent,16
1437,71.85,106.3,-1.0,-1.0,,-1,0,90,sign,?,broken,?,solid,,,,silent,18
1438,71.9,106.3,-1.0,-1.0,,-1,0,90,sign,?,broken,?,solid,,,,silent,19
1439,71.95,106.3,-1.0,-1.0,,-1,0,90,sign,?,broken,?,solid,,,,silent,18
1440,72.0,106.3,-1.0,-1.0,,-1,0,90,sign,?,broken,?,solid,,,,silent,17
1441,72.05,106.4,-1.0,-1.0,,-1,0,90,sign,?,broken,?,solid,,,,silent,18
1442,72.1,106.5,-1.0,-1.0,,-1,0,90,sign,?,broken,?,solid,,,,silent,20
1443,72.15,106.6,-1.0,-1.0,,-1,0,90,sign,?,broken,?,solid,,,,silent,17
1444,72.2,106.7,-1.0,-1.0,,-1,0,90,sign,?,broken,?,solid,,,,silent,17
1445,72.25,106.9,-1.0,-1.0,,-1,0,90,sign,?,broken,?,solid,,,,silent,16
1446,72.3,107.0,-1.0,-1.0,,-1,0,90,sign,?,broken,?,solid,,,,silent,14
1447,72.35,107.2,-1.0,-1.0,,-1,0,90,sign,?,broken,?,solid,,,,silent,18
1448,72.4,107.3,-1.0,-1.0,,-1,0,90,sign,?,broken,?,solid,,,,silent,17
1449,72.45,107.5,-1.0,-1.0,,-1,0,90,sign,?,broken,?,solid,,,,silent,17
1450,72.5,107.6,-1.0,-1.0,,-1,0,90,sign,?,broken,?,solid,,,,silent,18
1451,72.55,107.8,-1.0,-1.0,,-1,0,90,sign,?,broken,?,solid,,,,silent,18
1452,72.6,107.9,-1.0,-1.0,,-1,0,90,sign,?,broken,?,solid,,,,silent,16
1453,72.65,108.1,-1.0,-1.0,,-1,0,90,sign,?,broken,?,solid,,,,silent,19
1454,72.7,108.2,-1.0,-1.0,,-1,0,90,sign,?,broken,?,solid,,,,silent,19
1455,72.75,108.3,-1.0,-1.0,,-1,0,90,sign,?,broken,?,solid,,,,silent,19
1456,72.8,108.4,-1.0,-1.0,,-1,0,90,sign,?,broken,?,solid,,,,silent,19
1457,72.85,108.6,-1.0,-1.0,,-1,0,90,sign,?,broken,?,solid,,,,silent,17
1458,72.9,108.7,-1.0,-1.0,,-1,1,90,sign,?,broken,?,solid,,,,silent,19
1459,72.95,108.8,-1.0,-1.0,,-1,1,90,sign,?,broken,?,solid,,,,silent,15
1460,73.0,109.0,-1.0,-1.0,,-1,1,90,sign,?,broken,?,solid,,,,silent,15
1461,73.05,109.1,-1.0,-1.0,,-1,1,90,sign,?,broken,?,solid,,,,silent,16
1462,73.1,109.2,-1.0,-1.0,,-1,1,90,sign,?,broken,?,solid,,,,silent,13
1463,73.15,109.4,-1.0,-1.0,,-1,1,90,sign,?,broken,?,solid,,,,silent,15
1464,73.2,109.4,-1.0,-1.0,,-1,1,90,sign,?,broken,?,solid,,,,silent,16
1465,73.25,109.3,-1.0,-1.0,,-1,0,90,sign,?,broken,?,solid,,,,silent,17
1466,73.3,109.3,-1.0,-1.0,,-1,0,90,sign,?,broken,?,solid,,,,silent,17
1467,73.35,109.5,-1.0,-1.0,,-1,0,90,sign,?,broken,?,solid,,,,silent,15
1468,73.4,109.6,-1.0,-1.0,,-1,0,90,sign,?,broken,?,solid,,,,silent,19
1469,73.45,109.7,-1.0,-1.0,,-1,0,90,sign,?,broken,?,solid,,,,silent,17
1470,73.5,109.7,-1.0,-1.0,,-1,0,90,sign,?,broken,?,solid,,,,silent,18
1471,73.55,109.8,-1.0,-1.0,,-1,0,90,sign,?,broken,?,solid,,,,silent,17
1472,73.6,109.9,-1.0,-1.0,,-1,0,90,sign,?,broken,?,solid,,,,silent,12
1473,73.65,110.0,-1.0,-1.0,,-1,0,90,sign,?,broken,?,solid,,,,silent,12
1474,73.7,110.2,-1.0,-1.0,,-1,0,90,sign,?,broken,?,solid,,,,silent,14
1475,73.75,110.3,-1.0,-1.0,,-1,0,90,sign,?,broken,?,solid,,,,silent,17
1476,73.8,110.4,-1.0,-1.0,,-1,0,90,sign,?,broken,?,solid,,,,silent,17
1477,73.85,110.5,-1.0,-1.0,,-1,0,90,sign,?,broken,?,solid,,,,silent,15
1478,73.9,110.7,-1.0,-1.0,,-1,0,90,sign,?,broken,?,solid,,,,silent,14
1479,73.95,110.8,-1.0,-1.0,,-1,0,90,sign,?,broken,?,solid,,,,silent,17
1480,74.0,110.9,-1.0,-1.0,,-1,0,90,sign,?,broken,?,solid,,,,silent,16
1481,74.05,111.0,-1.0,-1.0,,-1,0,90,sign,?,broken,?,solid,,,,silent,18
1482,74.1,111.2,-1.0,-1.0,,-1,0,90,sign,?,broken,?,solid,,,,silent,13
1483,74.15,111.3,-1.0,-1.0,,-1,0,90,sign,?,broken,?,solid,,,,silent,17
1484,74.2,111.4,-1.0,-1.0,,-1,0,90,sign,?,broken,?,solid,,,,silent,15
1485,74.25,111.5,-1.0,-1.0,,-1,0,90,sign,?,broken,?,solid,,,,silent,18
1486,74.3,111.6,-1.0,-1.0,,-1,0,90,sign,?,broken,?,solid,,,,silent,19
1487,74.35,111.8,-1.0,-1.0,,-1,0,90,sign,?,broken,?,solid,,,,silent,13
1488,74.4,111.9,-1.0,-1.0,,-1,0,90,sign,?,broken,?,solid,,,,silent,17
1489,74.45,112.0,-1.0,-1.0,,-1,0,90,sign,?,broken,?,solid,,,,silent,13
1490,74.5,112.1,-1.0,-1.0,,-1,0,90,sign,?,broken,?,solid,,,,silent,16
1491,74.55,112.2,-1.0,-1.0,,-1,0,90,sign,?,broken,?,solid,,,,silent,16
1492,74.6,112.3,-1.0,-1.0,,-1,0,90,sign,?,broken,?,solid,,,,silent,18
1493,74.65,112.5,-1.0,-1.0,,-1,0,90,sign,?,broken,?,solid,,,,silent,20
1494,74.7,112.6,-1.0,-1.0,,-1,0,90,sign,?,broken,?,solid,,,,silent,18
1495,74.75,112.7,-1.0,-1.0,,-1,0,90,sign,?,broken,?,solid,,,,silent,17
1496,74.8,112.8,-1.0,-1.0,,-1,0,90,sign,?,broken,?,solid,,,,silent,13
1497,74.85,112.9,-1.0,-1.0,,-1,0,90,sign,?,broken,?,solid,,,,silent,17
1498,74.9,113.0,-1.0,-1.0,,-1,0,90,sign,?,broken,?,solid,,,,silent,18
1499,74.95,113.1,-1.0,-1.0,,-1,0,90,sign,?,broken,?,solid,,,,silent,18
1500,75.0,113.2,-1.0,-1.0,,-1,0,90,sign,?,broken,?,solid,,,,silent,18
1501,75.05,113.4,-1.0,-1.0,,-1,0,90,sign,?,broken,?,solid,,,,silent,13
1502,75.1,113.5,-1.0,-1.0,,-1,0,90,sign,?,broken,?,solid,,,,silent,17
1503,75.15,113.6,-1.0,-1.0,,-1,0,90,sign,?,broken,?,solid,,,,silent,15
1504,75.2,113.7,-1.0,-1.0,,-1,0,90,sign,?,broken,?,solid,,,,silent,12
1505,75.25,113.8,-1.0,-1.0,,-1,0,90,sign,?,broken,?,solid,,,,silent,14
1506,75.3,113.9,-1.0,-1.0,,-1,0,90,sign,?,broken,?,solid,,,,silent,17
1507,75.35,114.0,-1.0,-1.0,,-1,0,90,sign,?,broken,?,solid,,,,silent,12
1508,75.4,114.1,-1.0,-1.0,,-1,0,90,sign,?,broken,?,solid,,,,silent,15
1509,75.45,114.2,-1.0,-1.0,,-1,0,90,sign,?,broken,?,solid,,,,silent,19
1510,75.5,114.3,-1.0,-1.0,,-1,0,90,sign,?,broken,?,solid,,,,silent,13
1511,75.55,114.4,-1.0,-1.0,,-1,0,90,sign,?,broken,?,solid,,,,silent,18
1512,75.6,114.5,-1.0,-1.0,,-1,0,90,sign,?,broken,?,solid,,,,silent,15
1513,75.65,114.6,-1.0,-1.0,,-1,0,90,sign,?,broken,?,solid,,,,silent,13
1514,75.7,114.7,-1.0,-1.0,,-1,0,90,sign,?,broken,?,solid,,,,silent,14
1515,75.75,114.8,-1.0,-1.0,,-1,0,90,sign,?,broken,?,solid,,,,silent,15
1516,75.8,114.9,-1.0,-1.0,,-1,0,90,sign,?,broken,?,solid,,,,silent,17
1517,75.85,114.9,-1.0,-1.0,,-1,0,90,sign,?,broken,?,solid,,,,silent,14
1518,75.9,115.0,-1.0,-1.0,,-1,0,90,sign,?,broken,?,solid,,,,silent,16
1519,75.95,115.1,-1.0,-1.0,,-1,0,90,sign,?,broken,?,solid,,,,silent,17
1520,76.0,115.2,-1.0,-1.0,,-1,0,90,sign,?,broken,?,solid,,,,silent,16
1521,76.05,115.3,-1.0,-1.0,,-1,0,90,sign,?,broken,?,solid,,,,silent,14
1522,76.1,115.4,-1.0,-1.0,,-1,0,90,sign,?,broken,?,solid,,,,silent,14
1523,76.15,115.5,-1.0,-1.0,,-1,0,90,sign,?,broken,?,solid,,,,silent,16
1524,76.2,115.5,-1.0,-1.0,,-1,0,90,sign,?,broken,?,solid,,,,silent,18
1525,76.25,115.6,-1.0,-1.0,,-1,0,90,sign,?,broken,?,solid,,,,silent,14
1526,76.3,115.7,-1.0,-1.0,,-1,0,90,sign,?,broken,?,solid,,,,silent,17
1527,76.35,115.8,-1.0,-1.0,,-1,0,90,sign,?,broken,?,solid,,,,silent,19
1528,76.4,115.9,-1.0,-1.0,,-1,0,90,sign,?,broken,?,solid,,,,silent,14
1529,76.45,116.0,-1.0,-1.0,,-1,0,90,sign,?,broken,?,solid,,,,silent,17
1530,76.5,116.1,-1.0,-1.0,,-1,0,90,sign,?,broken,?,solid,,,,silent,11
1531,76.55,116.2,-1.0,-1.0,,-1,0,90,sign,?,broken,?,solid,,,,silent,16
1532,76.6,116.3,-1.0,-1.0,,-1,0,90,sign,?,broken,?,solid,,,,silent,18
1533,76.65,116.3,-1.0,-1.0,,-1,0,90,sign,?,broken,?,solid,,,,silent,19
1534,76.7,116.4,-1.0,-1.0,,-1,0,60,sign,?,broken,?,solid,,,,silent,13
1535,76.75,116.2,-1.0,-1.0,,-1,0,60,sign,?,broken,?,solid,,,,silent,17
1536,76.8,116.2,-1.0,-1.0,,-1,0,60,sign,?,broken,?,solid,,,,silent,16
1537,76.85,116.3,-1.0,-1.0,,-1,0,60,sign,?,broken,?,solid,,,,silent,17
1538,76.9,116.3,-1.0,-1.0,,-1,0,60,sign,?,broken,?,solid,,,,silent,16
1539,76.95,116.4,-1.0,-1.0,,-1,0,60,sign,?,broken,?,solid,,,,silent,16
1540,77.0,116.4,-1.0,-1.0,,-1,0,60,sign,?,broken,?,solid,,,,silent,14
1541,77.05,116.4,-1.0,-1.0,,-1,0,60,sign,?,broken,?,solid,,,,silent,15
1542,77.1,116.5,-1.0,-1.0,,-1,0,60,sign,?,broken,?,solid,,,,silent,15
1543,77.15,116.5,-1.0,-1.0,,-1,0,60,sign,?,broken,?,solid,,,,silent,18
1544,77.2,116.6,-1.0,-1.0,,-1,0,60,sign,?,broken,?,solid,,,,silent,16
1545,77.25,116.7,-1.0,-1.0,,-1,0,60,sign,?,broken,?,solid,,,,silent,17
1546,77.3,116.7,-1.0,-1.0,,-1,0,60,sign,?,broken,?,solid,,,,silent,12
1547,77.35,116.8,-1.0,-1.0,,-1,0,60,sign,?,broken,?,solid,,,,silent,17
1548,77.4,116.9,-1.0,-1.0,,-1,0,60,sign,?,broken,?,solid,,,,silent,17
1549,77.45,117.0,-1.0,-1.0,,-1,0,60,sign,?,broken,?,solid,,,,silent,18
1550,77.5,117.0,-1.0,-1.0,,-1,0,60,sign,?,broken,?,solid,,,,silent,19
1551,77.55,116.8,-1.0,-1.0,,-1,0,60,sign,?,broken,?,solid,,,,silent,15
1552,77.6,116.9,-1.0,-1.0,,-1,0,60,sign,?,broken,?,solid,,,,silent,17
1553,77.65,117.0,-1.0,-1.0,,-1,0,60,sign,?,broken,?,solid,,,,silent,19
1554,77.7,117.0,-1.0,-1.0,,-1,0,60,sign,?,broken,?,solid,,,,silent,15
1555,77.75,117.1,-1.0,-1.0,,-1,0,60,sign,?,broken,?,solid,,,,silent,15
1556,77.8,117.1,-1.0,-1.0,,-1,0,60,sign,?,broken,?,solid,,,,silent,19
1557,77.85,117.1,-1.0,-1.0,,-1,0,60,sign,?,broken,?,solid,,,,silent,15
1558,77.9,117.2,-1.0,-1.0,,-1,0,60,sign,?,broken,?,solid,,,,silent,17
1559,77.95,117.2,-1.0,-1.0,,-1,0,60,sign,?,broken,?,solid,,,,silent,16
1560,78.0,117.3,-1.0,-1.0,,-1,0,60,sign,?,broken,?,solid,,,,silent,16
1561,78.05,117.4,-1.0,-1.0,,-1,0,60,sign,?,broken,?,solid,,,,silent,14
1562,78.1,117.4,-1.0,-1.0,,-1,0,60,sign,?,broken,?,solid,,,,silent,14
1563,78.15,117.5,-1.0,-1.0,,-1,0,60,sign,?,broken,?,solid,,,,silent,17
1564,78.2,117.6,-1.0,-1.0,,-1,0,60,sign,?,broken,?,solid,,,,silent,15
1565,78.25,117.6,-1.0,-1.0,,-1,0,60,sign,?,broken,?,solid,,,,silent,17
1566,78.3,117.7,-1.0,-1.0,,-1,0,60,sign,?,broken,?,solid,,,,silent,14
1567,78.35,117.8,-1.0,-1.0,,-1,0,60,sign,?,broken,?,solid,,,,silent,18
1568,78.4,117.9,-1.0,-1.0,,-1,0,60,sign,?,broken,?,solid,,,,silent,13
1569,78.45,117.9,-1.0,-1.0,,-1,0,60,sign,?,broken,?,solid,,,,silent,17
1570,78.5,118.0,-1.0,-1.0,,-1,0,60,sign,?,broken,?,solid,,,,silent,17
1571,78.55,118.0,-1.0,-1.0,,-1,0,60,sign,?,broken,?,solid,,,,silent,14
1572,78.6,117.6,-1.0,-1.0,,-1,0,60,sign,?,broken,?,solid,,,,silent,14
1573,78.65,116.8,-1.0,-1.0,,-1,0,60,sign,?,broken,?,solid,,,,silent,14
1574,78.7,115.6,-1.0,-1.0,,-1,0,60,sign,?,broken,?,solid,,,,silent,15
1575,78.75,114.2,-1.0,-1.0,,-1,0,60,sign,?,broken,?,solid,,,,silent,18
1576,78.8,112.7,-1.0,-1.0,,-1,0,60,sign,?,broken,?,solid,,,,silent,18
1577,78.85,110.8,-1.0,-1.0,,-1,0,60,sign,?,broken,?,solid,,,,silent,12
1578,78.9,109.0,-1.0,-1.0,,-1,0,60,sign,?,broken,?,solid,,,,silent,15
1579,78.95,107.2,-1.0,-1.0,,-1,0,60,sign,?,broken,?,solid,,,,silent,16
1580,79.0,105.4,-1.0,-1.0,,-1,0,60,sign,?,broken,?,solid,,,,silent,13
1581,79.05,103.6,-1.0,-1.0,,-1,0,60,sign,?,broken,?,solid,,,,silent,18
1582,79.1,101.6,-1.0,-1.0,,-1,0,60,sign,?,broken,?,solid,,,,silent,10
1583,79.15,99.7,-1.0,-1.0,,-1,0,60,sign,?,broken,?,solid,,,,silent,14
1584,79.2,97.9,-1.0,-1.0,,-1,0,60,sign,?,broken,?,solid,,,,silent,17
1585,79.25,96.0,-1.0,-1.0,,-1,0,60,sign,?,broken,?,solid,,,,silent,18
1586,79.3,94.1,-1.0,-1.0,,-1,0,60,sign,?,broken,?,solid,,,,silent,16
1587,79.35,92.0,-1.0,-1.0,,-1,0,60,sign,?,broken,?,solid,,,,silent,12
1588,79.4,90.1,-1.0,-1.0,,-1,0,60,sign,?,broken,?,solid,,,,silent,15
1589,79.45,88.4,-1.0,-1.0,,-1,0,60,sign,?,broken,?,solid,,,,silent,16
1590,79.5,86.5,-1.0,-1.0,,-1,0,60,sign,?,broken,?,solid,,,,silent,17
1591,79.55,84.4,-1.0,-1.0,,-1,0,60,sign,?,broken,?,solid,,,,silent,18
1592,79.6,82.2,-1.0,-1.0,,-1,0,60,sign,?,broken,?,solid,,,,silent,17
1593,79.65,79.8,-1.0,-1.0,,-1,0,60,sign,?,broken,?,solid,,,,silent,15
1594,79.7,77.4,-1.0,-1.0,,-1,0,60,sign,?,broken,?,solid,,,,silent,14
1595,79.75,75.2,-1.0,-1.0,,-1,0,60,sign,?,broken,?,solid,,,,silent,18
1596,79.8,73.6,-1.0,-1.0,,-1,0,60,sign,?,broken,?,solid,,,,silent,16
1597,79.85,72.7,-1.0,-1.0,,-1,0,60,sign,?,broken,?,solid,,,,silent,19
1598,79.9,72.0,-1.0,-1.0,,-1,0,60,sign,?,broken,?,solid,,,,silent,15
1599,79.95,71.6,-1.0,-1.0,,-1,0,60,sign,?,broken,?,solid,,,,silent,16
1600,80.0,71.3,-1.0,-1.0,,-1,0,60,sign,?,broken,?,solid,,,,silent,16
1601,80.05,71.1,-1.0,-1.0,,-1,0,60,sign,?,broken,?,solid,,,,silent,17
1602,80.1,71.2,-1.0,-1.0,,-1,0,60,sign,?,broken,?,solid,,,,silent,18
1603,80.15,71.3,-1.0,-1.0,,-1,0,60,sign,?,broken,?,solid,,,,silent,16
1604,80.2,71.5,-1.0,-1.0,,-1,0,60,sign,?,broken,?,solid,,,,silent,13
1605,80.25,71.8,-1.0,-1.0,,-1,0,60,sign,?,broken,?,solid,,,,silent,13
1606,80.3,72.1,-1.0,-1.0,,-1,0,60,sign,?,broken,?,solid,,,,silent,16
1607,80.35,72.3,-1.0,-1.0,,-1,0,60,sign,?,broken,?,solid,,,,silent,19
1608,80.4,72.7,-1.0,-1.0,,-1,0,60,sign,?,broken,?,solid,,,SPEED_LIMIT,ego=20.2 limit=16.7,15
1609,80.45,73.1,-1.0,-1.0,,-1,0,60,sign,?,broken,?,solid,,,,silent,17
1610,80.5,73.5,-1.0,-1.0,,-1,0,60,sign,?,broken,?,solid,,,,silent,17
1611,80.55,73.9,-1.0,-1.0,,-1,0,60,sign,?,broken,?,solid,,,,silent,16
1612,80.6,74.2,-1.0,-1.0,,-1,0,60,sign,?,broken,?,solid,,,,silent,17
1613,80.65,74.6,-1.0,-1.0,,-1,0,60,sign,?,broken,?,solid,,,,silent,17
1614,80.7,74.9,-1.0,-1.0,,-1,0,60,sign,?,broken,?,solid,,,,silent,19
1615,80.75,75.3,-1.0,-1.0,,-1,0,60,sign,?,broken,?,solid,,,,silent,15
1616,80.8,75.7,-1.0,-1.0,,-1,0,60,sign,?,broken,?,solid,,,,silent,20
1617,80.85,76.1,-1.0,-1.0,,-1,0,60,sign,?,broken,?,solid,,,,silent,15
1618,80.9,76.5,-1.0,-1.0,,-1,0,60,sign,?,broken,?,solid,,,,silent,20
1619,80.95,76.8,-1.0,-1.0,,-1,0,60,sign,?,broken,?,solid,,,,silent,20
1620,81.0,77.1,-1.0,-1.0,,-1,0,90,sign,?,broken,?,solid,,,,silent,15
1621,81.05,77.5,-1.0,-1.0,,-1,0,90,sign,?,broken,?,solid,,,,silent,20
1622,81.1,77.8,-1.0,-1.0,,-1,1,90,sign,?,broken,?,solid,,,,silent,20
1623,81.15,77.8,-1.0,-1.0,,-1,1,90,sign,?,broken,?,solid,,,,silent,16
1624,81.2,78.1,-1.0,-1.0,,-1,2,90,sign,?,broken,?,solid,,,,silent,20
1625,81.25,78.5,-1.0,-1.0,,-1,2,90,sign,?,broken,?,solid,,,,silent,15
1626,81.3,78.7,-1.0,-1.0,,-1,2,90,sign,?,broken,?,solid,,,,silent,17
1627,81.35,78.7,56.14,-1.0,,-1,3,90,sign,?,broken,?,solid,,,,silent,17
1628,81.4,79.0,54.55,-1.0,,-1,3,90,sign,?,broken,?,solid,,,,silent,14
1629,81.45,79.3,-1.0,-1.0,,-1,3,90,sign,?,broken,?,solid,,,,silent,18
1630,81.5,79.6,-1.0,-1.0,,-1,3,90,sign,?,broken,?,solid,,,,silent,17
1631,81.55,79.9,-1.0,-1.0,,-1,3,90,sign,?,broken,?,solid,,,,silent,18
1632,81.6,80.1,-1.0,-1.0,,-1,3,90,sign,?,broken,?,solid,,,,silent,16
1633,81.65,80.1,-1.0,-1.0,,-1,2,90,sign,?,broken,?,solid,,,,silent,16
1634,81.7,80.3,-1.0,-1.0,,-1,2,90,sign,?,broken,?,solid,,,,silent,15
1635,81.75,80.7,-1.0,-1.0,,-1,2,90,sign,?,broken,?,solid,,,,silent,13
1636,81.8,80.9,-1.0,-1.0,,-1,2,90,sign,?,broken,?,solid,,,,silent,14
1637,81.85,80.8,-1.0,-1.0,,-1,3,90,sign,?,broken,?,solid,,,,silent,18
1638,81.9,81.0,-1.0,-1.0,,-1,3,90,sign,?,broken,?,solid,,,,silent,17
1639,81.95,81.4,-1.0,-1.0,,-1,3,90,sign,?,broken,?,solid,,,,silent,17
1640,82.0,81.7,-1.0,-1.0,,-1,3,90,sign,?,broken,?,solid,,,,silent,19
1641,82.05,81.8,41.02,-1.0,,-1,2,90,sign,?,broken,?,solid,,,,silent,16
1642,82.1,81.7,39.89,-1.0,,-1,2,90,sign,?,broken,?,solid,,,,silent,18
1643,82.15,81.9,38.75,-1.0,,-1,2,90,sign,?,broken,?,solid,,,,silent,20
1644,82.2,82.2,37.61,27.69,-9.91,9.09,1,90,sign,?,broken,?,solid,,,,silent,16
1645,82.25,82.5,36.46,27.06,-9.4,4.95,1,90,sign,?,broken,?,solid,,,,silent,21
1646,82.3,82.8,34.88,26.67,-8.21,4.41,2,90,sign,?,broken,?,solid,,,,silent,21
1647,82.35,82.6,33.74,25.82,-7.92,2.94,2,90,sign,?,broken,?,solid,,,,silent,19
1648,82.4,82.1,32.61,25.42,-7.19,2.97,2,90,sign,?,broken,?,solid,,,,silent,20
1649,82.45,81.1,31.5,24.4,-7.1,2.11,2,90,sign,?,broken,?,solid,,,,silent,19
1650,82.5,79.8,30.4,23.69,-6.71,1.94,2,90,sign,?,broken,?,solid,,,,silent,19
1651,82.55,78.5,29.32,23.26,-6.06,2.06,2,90,sign,?,broken,?,solid,,,COLLISION_WARN,ttc=2.06 d=23.3 close=11.3 id=22,14
1652,82.6,77.2,28.26,22.3,-5.96,1.68,2,90,sign,?,broken,?,solid,,,,silent,21
1653,82.65,75.9,27.22,21.55,-5.67,1.57,1,90,sign,?,broken,?,solid,,,,silent,16
1654,82.7,74.6,26.19,20.71,-5.48,1.43,1,90,sign,?,broken,?,solid,,,,silent,17
1655,82.75,73.2,25.19,19.89,-5.3,1.33,1,90,sign,?,broken,?,solid,,,COLLISION_URGENT,ttc=1.33 d=19.9 close=15.0 id=22,15
1656,82.8,71.8,24.2,19.18,-5.02,1.3,1,90,sign,?,broken,?,solid,,,,silent,16
1657,82.85,70.4,23.24,18.35,-4.89,1.2,1,90,sign,?,broken,?,solid,,,,silent,20
1658,82.9,69.0,22.29,17.77,-4.52,1.24,1,90,sign,?,broken,?,solid,,,,silent,17
1659,82.95,67.7,21.36,17.77,-3.6,1.24,2,90,sign,?,broken,?,solid,,,,silent,18
1660,83.0,66.4,20.45,16.83,-3.62,1.29,2,90,sign,?,broken,?,solid,,,,silent,17
1661,83.05,65.1,19.56,16.02,-3.54,1.16,2,90,sign,?,broken,?,solid,,,,silent,14
1662,83.1,63.8,18.68,15.28,-3.4,1.08,2,90,sign,?,broken,?,broken,,,,silent,18
1663,83.15,62.5,17.83,14.67,-3.16,1.08,2,90,sign,?,broken,?,broken,,,,silent,20
1664,83.2,61.3,16.99,13.94,-3.05,1.01,2,90,sign,?,broken,?,broken,,,,silent,19
1665,83.25,59.9,16.17,13.31,-2.87,0.98,2,90,sign,?,broken,?,broken,,,,silent,18
1666,83.3,58.4,15.38,12.79,-2.59,1.0,3,90,sign,?,broken,?,broken,,,,silent,21
1667,83.35,56.8,14.61,12.1,-2.5,0.93,3,90,sign,?,broken,?,broken,,,,silent,16
1668,83.4,55.1,-1.0,-1.0,,-1,3,90,sign,?,broken,?,broken,,,,silent,16
1669,83.45,53.4,-1.0,-1.0,,-1,3,90,sign,?,broken,?,broken,,,,silent,21
1670,83.5,52.1,-1.0,-1.0,,-1,4,90,sign,?,broken,?,broken,,,,silent,20
1671,83.55,51.1,-1.0,-1.0,,-1,4,90,sign,?,broken,?,broken,,,,silent,18
1672,83.6,50.0,-1.0,-1.0,,-1,4,90,sign,?,broken,?,broken,,,,silent,20
1673,83.65,49.0,-1.0,-1.0,,-1,4,90,sign,?,broken,?,broken,,,,silent,16
1674,83.7,48.0,-1.0,-1.0,,-1,4,90,sign,?,broken,?,broken,,,,silent,16
1675,83.75,47.0,-1.0,-1.0,,-1,3,90,sign,?,broken,?,broken,,,,silent,17
1676,83.8,46.0,-1.0,-1.0,,-1,3,90,sign,?,broken,?,broken,,,,silent,18
1677,83.85,45.1,-1.0,-1.0,,-1,2,90,sign,?,broken,?,broken,,,,silent,20
1678,83.9,44.2,-1.0,-1.0,,-1,2,90,sign,?,broken,?,broken,,,,silent,17
1679,83.95,43.3,-1.0,-1.0,,-1,2,90,sign,?,broken,?,broken,,,,silent,15
1680,84.0,42.4,-1.0,-1.0,,-1,2,90,sign,?,broken,?,broken,,,,silent,18
1681,84.05,41.5,-1.0,-1.0,,-1,2,90,sign,?,broken,?,broken,,,,silent,21
1682,84.1,40.7,-1.0,-1.0,,-1,2,90,sign,?,broken,?,broken,,,,silent,15
1683,84.15,39.9,-1.0,-1.0,,-1,2,90,sign,?,broken,?,broken,,,,silent,19
1684,84.2,39.1,-1.0,-1.0,,-1,2,90,sign,?,broken,?,broken,,,,silent,18
1685,84.25,38.4,-1.0,-1.0,,-1,1,90,sign,?,broken,?,broken,,,,silent,20
1686,84.3,37.6,-1.0,-1.0,,-1,1,90,sign,?,broken,?,broken,,,,silent,18
1687,84.35,36.9,-1.0,-1.0,,-1,2,90,sign,?,broken,?,broken,,,,silent,19
1688,84.4,36.1,-1.0,-1.0,,-1,2,90,sign,?,broken,?,broken,,,,silent,16
1689,84.45,35.4,-1.0,-1.0,,-1,2,90,sign,?,broken,?,broken,,,,silent,15
1690,84.5,34.7,-1.0,-1.0,,-1,2,90,sign,?,broken,?,broken,,,,silent,15
1691,84.55,34.0,-1.0,-1.0,,-1,2,90,sign,?,broken,?,broken,,,,silent,14
1692,84.6,33.3,-1.0,-1.0,,-1,2,90,sign,?,broken,?,broken,,,,silent,16
1693,84.65,32.6,-1.0,-1.0,,-1,2,90,sign,?,broken,?,broken,,,,silent,18
1694,84.7,31.9,-1.0,-1.0,,-1,2,90,sign,?,broken,?,broken,,,,silent,17
1695,84.75,31.2,-1.0,-1.0,,-1,2,90,sign,?,broken,?,broken,,,,silent,15
1696,84.8,30.6,-1.0,-1.0,,-1,2,90,sign,?,broken,?,broken,,,,silent,14
1697,84.85,29.9,-1.0,-1.0,,-1,2,90,sign,?,broken,?,broken,,,,silent,16
1698,84.9,29.3,-1.0,-1.0,,-1,1,90,sign,?,broken,?,broken,,,,silent,17
1699,84.95,28.7,-1.0,-1.0,,-1,0,90,sign,?,broken,?,broken,,,,silent,18
1700,85.0,28.1,-1.0,-1.0,,-1,0,90,sign,?,broken,?,broken,,,,silent,15
1701,85.05,27.5,-1.0,-1.0,,-1,0,90,sign,?,broken,?,broken,,,,silent,14
1702,85.1,26.9,-1.0,-1.0,,-1,0,90,sign,?,broken,?,broken,,,,silent,18
1703,85.15,26.3,-1.0,-1.0,,-1,0,90,sign,?,broken,?,broken,,,,silent,13
1704,85.2,25.7,-1.0,-1.0,,-1,0,90,sign,?,broken,?,broken,,,,silent,17
1705,85.25,25.2,-1.0,-1.0,,-1,0,90,sign,?,broken,?,broken,,,,silent,14
1706,85.3,24.6,-1.0,-1.0,,-1,0,90,sign,?,broken,?,broken,,,,silent,17
1707,85.35,24.1,-1.0,-1.0,,-1,0,90,sign,?,broken,?,broken,,,,silent,15
1708,85.4,23.5,-1.0,-1.0,,-1,0,90,sign,?,broken,?,broken,,,,silent,19
1709,85.45,23.0,-1.0,-1.0,,-1,0,90,sign,?,broken,?,broken,,,,silent,11
1710,85.5,22.4,-1.0,-1.0,,-1,0,90,sign,?,broken,?,broken,,,,silent,18
1711,85.55,21.9,-1.0,-1.0,,-1,0,90,sign,?,broken,?,broken,,,,silent,15
1712,85.6,21.4,-1.0,-1.0,,-1,0,90,sign,?,broken,?,broken,,,,silent,17
1713,85.65,20.9,-1.0,-1.0,,-1,0,90,sign,?,broken,?,broken,,,,silent,14
1714,85.7,20.4,-1.0,-1.0,,-1,0,90,sign,?,broken,?,broken,,,,silent,14
1715,85.75,19.9,-1.0,-1.0,,-1,0,90,sign,?,broken,?,broken,,,,silent,18
1716,85.8,19.4,-1.0,-1.0,,-1,0,90,sign,?,broken,?,broken,,,,silent,18
1717,85.85,19.0,-1.0,-1.0,,-1,0,90,sign,?,broken,?,broken,,,,silent,18
1718,85.9,18.5,-1.0,-1.0,,-1,0,90,sign,?,broken,?,broken,,,,silent,14
1719,85.95,18.1,-1.0,-1.0,,-1,0,90,sign,?,broken,?,broken,,,,silent,12
